httpRequest.latency,httpRequest.protocol,httpRequest.remoteIp,httpRequest.requestMethod,httpRequest.requestSize,httpRequest.requestUrl,httpRequest.responseSize,httpRequest.serverIp,httpRequest.status,httpRequest.userAgent,insertId,labels.instanceId,logName,protoPayload.methodName,protoPayload.resourceName,protoPayload.response.@type,protoPayload.response.apiVersion,protoPayload.response.kind,"protoPayload.response.metadata.annotations.""autoscaling.knative.dev/maxScale""","protoPayload.response.metadata.annotations.""autoscaling.knative.dev/minScale""","protoPayload.response.metadata.annotations.""run.googleapis.com/client-name""","protoPayload.response.metadata.annotations.""run.googleapis.com/execution-environment""","protoPayload.response.metadata.annotations.""run.googleapis.com/operation-id""","protoPayload.response.metadata.annotations.""run.googleapis.com/startup-cpu-boost""","protoPayload.response.metadata.annotations.""serving.knative.dev/creator""",protoPayload.response.metadata.creationTimestamp,protoPayload.response.metadata.generation,"protoPayload.response.metadata.labels.""client.knative.dev/nonce""","protoPayload.response.metadata.labels.""cloud.googleapis.com/location""","protoPayload.response.metadata.labels.""run.googleapis.com/startupProbeType""","protoPayload.response.metadata.labels.""serving.knative.dev/configuration""","protoPayload.response.metadata.labels.""serving.knative.dev/configurationGeneration""","protoPayload.response.metadata.labels.""serving.knative.dev/route""","protoPayload.response.metadata.labels.""serving.knative.dev/service""","protoPayload.response.metadata.labels.""serving.knative.dev/serviceUid""",protoPayload.response.metadata.name,protoPayload.response.metadata.namespace,protoPayload.response.metadata.ownerReferences,protoPayload.response.metadata.resourceVersion,protoPayload.response.metadata.selfLink,protoPayload.response.metadata.uid,protoPayload.response.spec.containerConcurrency,protoPayload.response.spec.containers,protoPayload.response.spec.serviceAccountName,protoPayload.response.spec.timeoutSeconds,protoPayload.response.status.conditions,protoPayload.response.status.containerStatuses,protoPayload.response.status.desiredReplicas,protoPayload.response.status.imageDigest,protoPayload.response.status.logUrl,protoPayload.response.status.observedGeneration,protoPayload.serviceName,protoPayload.status.message,receiveLocation,receiveTimestamp,resource.labels.configuration_name,resource.labels.location,resource.labels.project_id,resource.labels.revision_name,resource.labels.service_name,resource.type,severity,spanId,textPayload,timestamp,trace,traceSampled
0.001580778s,HTTP/1.1,172.200.182.156,GET,264,https://factorial-cpp-815005680514.europe-north1.run.app/,98,216.239.36.53,200,curl/7.81.0,67442d7700088ae62d062f2b,004940b3b86c18748e4dcc1cf1d6f98f0194ecd3aeb83714bf0b2e09712dec2f29cf336537fbcfac4f15571ce04d45bd033764d87ac086da621c5d67c9277eaed363f89bd7e0ec22402accb3d5,projects/charismatic-tea-434516-a5/logs/run.googleapis.com%2Frequests,,,,,,,,,,,,,,,,,,,,,,,,,,,,,,,,,,,,,,,,,,2024-11-25T07:55:35.565039279Z,factorial-cpp,europe-north1,charismatic-tea-434516-a5,factorial-cpp-00003-x6l,factorial-cpp,cloud_run_revision,INFO,7305bb7f5b426833,,2024-11-25T07:55:35.552980Z,projects/charismatic-tea-434516-a5/traces/908ba7d1868338bf936c98322ee3803b,true
0.001338822s,HTTP/1.1,172.200.182.156,GET,265,https://factorial-cpp-815005680514.europe-north1.run.app/,98,216.239.36.53,200,curl/7.81.0,67442c7600039f3445372b4b,004940b3b86c18748e4dcc1cf1d6f98f0194ecd3aeb83714bf0b2e09712dec2f29cf336537fbcfac4f15571ce04d45bd033764d87ac086da621c5d67c9277eaed363f89bd7e0ec22402accb3d5,projects/charismatic-tea-434516-a5/logs/run.googleapis.com%2Frequests,,,,,,,,,,,,,,,,,,,,,,,,,,,,,,,,,,,,,,,,,,2024-11-25T07:51:18.240104259Z,factorial-cpp,europe-north1,charismatic-tea-434516-a5,factorial-cpp-00003-x6l,factorial-cpp,cloud_run_revision,INFO,fb50fca8cc7a514c,,2024-11-25T07:51:18.229116Z,projects/charismatic-tea-434516-a5/traces/9cdc4940ea5a3f6c67cb06ca322bfd3d,true
0.002057943s,HTTP/1.1,172.200.182.156,GET,265,https://factorial-cpp-815005680514.europe-north1.run.app/,98,216.239.34.53,200,curl/7.81.0,67442b74000b6740fca16ed9,004940b3b86c18748e4dcc1cf1d6f98f0194ecd3aeb83714bf0b2e09712dec2f29cf336537fbcfac4f15571ce04d45bd033764d87ac086da621c5d67c9277eaed363f89bd7e0ec22402accb3d5,projects/charismatic-tea-434516-a5/logs/run.googleapis.com%2Frequests,,,,,,,,,,,,,,,,,,,,,,,,,,,,,,,,,,,,,,,,,,2024-11-25T07:47:00.749986696Z,factorial-cpp,europe-north1,charismatic-tea-434516-a5,factorial-cpp-00003-x6l,factorial-cpp,cloud_run_revision,INFO,a1af4815d5ef3034,,2024-11-25T07:47:00.738149Z,projects/charismatic-tea-434516-a5/traces/823c9ab7cc6887ad8532a3da11712e2f,true
0.003063369s,HTTP/1.1,172.200.182.156,GET,264,https://factorial-cpp-815005680514.europe-north1.run.app/,98,216.239.38.53,200,curl/7.81.0,67442a75000d6c1301ae71af,004940b3b86c18748e4dcc1cf1d6f98f0194ecd3aeb83714bf0b2e09712dec2f29cf336537fbcfac4f15571ce04d45bd033764d87ac086da621c5d67c9277eaed363f89bd7e0ec22402accb3d5,projects/charismatic-tea-434516-a5/logs/run.googleapis.com%2Frequests,,,,,,,,,,,,,,,,,,,,,,,,,,,,,,,,,,,,,,,,,,2024-11-25T07:42:45.882402178Z,factorial-cpp,europe-north1,charismatic-tea-434516-a5,factorial-cpp-00003-x6l,factorial-cpp,cloud_run_revision,INFO,a65ab5c3c995ba0a,,2024-11-25T07:42:45.871037Z,projects/charismatic-tea-434516-a5/traces/187fbf76d697ddde3b51b13367081ef7,true
0.001534318s,HTTP/1.1,172.200.182.156,GET,265,https://factorial-cpp-815005680514.europe-north1.run.app/,98,216.239.32.53,200,curl/7.81.0,67442975000a60de5c9a81aa,004940b3b86c18748e4dcc1cf1d6f98f0194ecd3aeb83714bf0b2e09712dec2f29cf336537fbcfac4f15571ce04d45bd033764d87ac086da621c5d67c9277eaed363f89bd7e0ec22402accb3d5,projects/charismatic-tea-434516-a5/logs/run.googleapis.com%2Frequests,,,,,,,,,,,,,,,,,,,,,,,,,,,,,,,,,,,,,,,,,,2024-11-25T07:38:29.684556148Z,factorial-cpp,europe-north1,charismatic-tea-434516-a5,factorial-cpp-00003-x6l,factorial-cpp,cloud_run_revision,INFO,dc674a073a6d2965,,2024-11-25T07:38:29.672708Z,projects/charismatic-tea-434516-a5/traces/bb217922ebf0b29700c0c3bea56d50dd,true
0.001517465s,HTTP/1.1,172.200.182.156,GET,265,https://factorial-cpp-815005680514.europe-north1.run.app/,98,216.239.38.53,200,curl/7.81.0,674428750009c13b28516c04,004940b3b86c18748e4dcc1cf1d6f98f0194ecd3aeb83714bf0b2e09712dec2f29cf336537fbcfac4f15571ce04d45bd033764d87ac086da621c5d67c9277eaed363f89bd7e0ec22402accb3d5,projects/charismatic-tea-434516-a5/logs/run.googleapis.com%2Frequests,,,,,,,,,,,,,,,,,,,,,,,,,,,,,,,,,,,,,,,,,,2024-11-25T07:34:13.644193573Z,factorial-cpp,europe-north1,charismatic-tea-434516-a5,factorial-cpp-00003-x6l,factorial-cpp,cloud_run_revision,INFO,696ef39c40b320f4,,2024-11-25T07:34:13.630545Z,projects/charismatic-tea-434516-a5/traces/6f32cb6633a684e86161c8bc15f54524,true
0.001769905s,HTTP/1.1,168.62.241.127,GET,264,https://factorial-cpp-815005680514.europe-north1.run.app/,98,216.239.36.53,200,curl/7.81.0,674427840008c89a6dc81eaf,004940b3b86c18748e4dcc1cf1d6f98f0194ecd3aeb83714bf0b2e09712dec2f29cf336537fbcfac4f15571ce04d45bd033764d87ac086da621c5d67c9277eaed363f89bd7e0ec22402accb3d5,projects/charismatic-tea-434516-a5/logs/run.googleapis.com%2Frequests,,,,,,,,,,,,,,,,,,,,,,,,,,,,,,,,,,,,,,,,,,2024-11-25T07:30:12.579621828Z,factorial-cpp,europe-north1,charismatic-tea-434516-a5,factorial-cpp-00003-x6l,factorial-cpp,cloud_run_revision,INFO,706f5cf3caeeb693,,2024-11-25T07:30:12.567642Z,projects/charismatic-tea-434516-a5/traces/2c6059782ef92aaa22df82b59b0d2930,true
0.002581877s,HTTP/1.1,168.62.241.127,GET,264,https://factorial-cpp-815005680514.europe-north1.run.app/,98,216.239.38.53,200,curl/7.81.0,674426830005f3a316211cfa,004940b3b86c18748e4dcc1cf1d6f98f0194ecd3aeb83714bf0b2e09712dec2f29cf336537fbcfac4f15571ce04d45bd033764d87ac086da621c5d67c9277eaed363f89bd7e0ec22402accb3d5,projects/charismatic-tea-434516-a5/logs/run.googleapis.com%2Frequests,,,,,,,,,,,,,,,,,,,,,,,,,,,,,,,,,,,,,,,,,,2024-11-25T07:25:55.393760726Z,factorial-cpp,europe-north1,charismatic-tea-434516-a5,factorial-cpp-00003-x6l,factorial-cpp,cloud_run_revision,INFO,5543b3eae872c600,,2024-11-25T07:25:55.382292Z,projects/charismatic-tea-434516-a5/traces/62cd8c3d27b529d41948f650a8a78cad,true
0.001986437s,HTTP/1.1,168.62.241.127,GET,264,https://factorial-cpp-815005680514.europe-north1.run.app/,98,216.239.34.53,200,curl/7.81.0,6744258200055005830a3994,004940b3b86c18748e4dcc1cf1d6f98f0194ecd3aeb83714bf0b2e09712dec2f29cf336537fbcfac4f15571ce04d45bd033764d87ac086da621c5d67c9277eaed363f89bd7e0ec22402accb3d5,projects/charismatic-tea-434516-a5/logs/run.googleapis.com%2Frequests,,,,,,,,,,,,,,,,,,,,,,,,,,,,,,,,,,,,,,,,,,2024-11-25T07:21:38.351210532Z,factorial-cpp,europe-north1,charismatic-tea-434516-a5,factorial-cpp-00003-x6l,factorial-cpp,cloud_run_revision,INFO,a22e74f31319185f,,2024-11-25T07:21:38.340396Z,projects/charismatic-tea-434516-a5/traces/d02324608e5e71c26b853fce48dc5f68,true
0.002112147s,HTTP/1.1,168.62.241.127,GET,265,https://factorial-cpp-815005680514.europe-north1.run.app/,98,216.239.34.53,200,curl/7.81.0,67442480000b9f2edb5a573d,004940b3b86c18748e4dcc1cf1d6f98f0194ecd3aeb83714bf0b2e09712dec2f29cf336537fbcfac4f15571ce04d45bd033764d87ac086da621c5d67c9277eaed363f89bd7e0ec22402accb3d5,projects/charismatic-tea-434516-a5/logs/run.googleapis.com%2Frequests,,,,,,,,,,,,,,,,,,,,,,,,,,,,,,,,,,,,,,,,,,2024-11-25T07:17:20.765236047Z,factorial-cpp,europe-north1,charismatic-tea-434516-a5,factorial-cpp-00003-x6l,factorial-cpp,cloud_run_revision,INFO,b254c40f85b7d066,,2024-11-25T07:17:20.753191Z,projects/charismatic-tea-434516-a5/traces/7b16b7aa79b32eba8a9efa8598305eb6,true
0.001577690s,HTTP/1.1,168.62.241.127,GET,264,https://factorial-cpp-815005680514.europe-north1.run.app/,98,216.239.34.53,200,curl/7.81.0,6744237f000bd6462ee9e3b1,004940b3b86c18748e4dcc1cf1d6f98f0194ecd3aeb83714bf0b2e09712dec2f29cf336537fbcfac4f15571ce04d45bd033764d87ac086da621c5d67c9277eaed363f89bd7e0ec22402accb3d5,projects/charismatic-tea-434516-a5/logs/run.googleapis.com%2Frequests,,,,,,,,,,,,,,,,,,,,,,,,,,,,,,,,,,,,,,,,,,2024-11-25T07:13:03.779868276Z,factorial-cpp,europe-north1,charismatic-tea-434516-a5,factorial-cpp-00003-x6l,factorial-cpp,cloud_run_revision,INFO,a5ef7e85bf9cb3cd,,2024-11-25T07:13:03.766469Z,projects/charismatic-tea-434516-a5/traces/1f39808dd20ba17ce472ad15c0aceb71,true
0.001553828s,HTTP/1.1,168.62.241.127,GET,265,https://factorial-cpp-815005680514.europe-north1.run.app/,98,216.239.34.53,200,curl/7.81.0,67442280000ad11d82ce5ca8,004940b3b86c18748e4dcc1cf1d6f98f0194ecd3aeb83714bf0b2e09712dec2f29cf336537fbcfac4f15571ce04d45bd033764d87ac086da621c5d67c9277eaed363f89bd7e0ec22402accb3d5,projects/charismatic-tea-434516-a5/logs/run.googleapis.com%2Frequests,,,,,,,,,,,,,,,,,,,,,,,,,,,,,,,,,,,,,,,,,,2024-11-25T07:08:48.713946155Z,factorial-cpp,europe-north1,charismatic-tea-434516-a5,factorial-cpp-00003-x6l,factorial-cpp,cloud_run_revision,INFO,543457995ffb3967,,2024-11-25T07:08:48.701715Z,projects/charismatic-tea-434516-a5/traces/8ffd3f8e6f6386b6f2f4886707deb675,true
0.009205783s,HTTP/1.1,168.62.241.127,GET,264,https://factorial-cpp-815005680514.europe-north1.run.app/,98,216.239.34.53,200,curl/7.81.0,674421800000dd70e26ff8f4,004940b3b86c18748e4dcc1cf1d6f98f0194ecd3aeb83714bf0b2e09712dec2f29cf336537fbcfac4f15571ce04d45bd033764d87ac086da621c5d67c9277eaed363f89bd7e0ec22402accb3d5,projects/charismatic-tea-434516-a5/logs/run.googleapis.com%2Frequests,,,,,,,,,,,,,,,,,,,,,,,,,,,,,,,,,,,,,,,,,,2024-11-25T07:04:32.059868610Z,factorial-cpp,europe-north1,charismatic-tea-434516-a5,factorial-cpp-00003-x6l,factorial-cpp,cloud_run_revision,INFO,3d25953152c81dab,,2024-11-25T07:04:32.042604Z,projects/charismatic-tea-434516-a5/traces/fe64efa80749afba1171596e7e8c7afd,true
0.001557714s,HTTP/1.1,168.62.241.127,GET,262,https://factorial-cpp-815005680514.europe-north1.run.app/,98,216.239.32.53,200,curl/7.81.0,6744207f000dff71dbcd1a80,004940b3b86c18748e4dcc1cf1d6f98f0194ecd3aeb83714bf0b2e09712dec2f29cf336537fbcfac4f15571ce04d45bd033764d87ac086da621c5d67c9277eaed363f89bd7e0ec22402accb3d5,projects/charismatic-tea-434516-a5/logs/run.googleapis.com%2Frequests,,,,,,,,,,,,,,,,,,,,,,,,,,,,,,,,,,,,,,,,,,2024-11-25T07:00:15.919468611Z,factorial-cpp,europe-north1,charismatic-tea-434516-a5,factorial-cpp-00003-x6l,factorial-cpp,cloud_run_revision,INFO,4c5190306fdb6a0a,,2024-11-25T07:00:15.909155Z,projects/charismatic-tea-434516-a5/traces/c460e16772241d3408f98a63d20e5853,true
0.001753104s,HTTP/1.1,168.62.241.127,GET,264,https://factorial-cpp-815005680514.europe-north1.run.app/,98,216.239.34.53,200,curl/7.81.0,67441f7d00060d88ad6ea06d,004940b3b86c18748e4dcc1cf1d6f98f0194ecd3aeb83714bf0b2e09712dec2f29cf336537fbcfac4f15571ce04d45bd033764d87ac086da621c5d67c9277eaed363f89bd7e0ec22402accb3d5,projects/charismatic-tea-434516-a5/logs/run.googleapis.com%2Frequests,,,,,,,,,,,,,,,,,,,,,,,,,,,,,,,,,,,,,,,,,,2024-11-25T06:55:57.399012917Z,factorial-cpp,europe-north1,charismatic-tea-434516-a5,factorial-cpp-00003-x6l,factorial-cpp,cloud_run_revision,INFO,e9f9677d688701c6,,2024-11-25T06:55:57.389234Z,projects/charismatic-tea-434516-a5/traces/5173b4fbfa8e348767f74006e959615b,true
0.001826080s,HTTP/1.1,168.62.241.127,GET,265,https://factorial-cpp-815005680514.europe-north1.run.app/,98,216.239.36.53,200,curl/7.81.0,67441e7c00024f52994d1168,004940b3b86c18748e4dcc1cf1d6f98f0194ecd3aeb83714bf0b2e09712dec2f29cf336537fbcfac4f15571ce04d45bd033764d87ac086da621c5d67c9277eaed363f89bd7e0ec22402accb3d5,projects/charismatic-tea-434516-a5/logs/run.googleapis.com%2Frequests,,,,,,,,,,,,,,,,,,,,,,,,,,,,,,,,,,,,,,,,,,2024-11-25T06:51:40.156016276Z,factorial-cpp,europe-north1,charismatic-tea-434516-a5,factorial-cpp-00003-x6l,factorial-cpp,cloud_run_revision,INFO,223596f6bee9db3d,,2024-11-25T06:51:40.143616Z,projects/charismatic-tea-434516-a5/traces/d76ab562f766ed6c8f99e3205a1fdf42,true
0.001460860s,HTTP/1.1,172.183.210.137,GET,265,https://factorial-cpp-815005680514.europe-north1.run.app/,98,216.239.34.53,200,curl/7.81.0,674416c4000a2a88cfa1f799,004940b3b86c18748e4dcc1cf1d6f98f0194ecd3aeb83714bf0b2e09712dec2f29cf336537fbcfac4f15571ce04d45bd033764d87ac086da621c5d67c9277eaed363f89bd7e0ec22402accb3d5,projects/charismatic-tea-434516-a5/logs/run.googleapis.com%2Frequests,,,,,,,,,,,,,,,,,,,,,,,,,,,,,,,,,,,,,,,,,,2024-11-25T06:18:44.669432174Z,factorial-cpp,europe-north1,charismatic-tea-434516-a5,factorial-cpp-00003-x6l,factorial-cpp,cloud_run_revision,INFO,bd144112ae77906e,,2024-11-25T06:18:44.658377Z,projects/charismatic-tea-434516-a5/traces/cb595abf44989b1ebee6ac49282c285d,true
0.001619075s,HTTP/1.1,172.183.210.137,GET,265,https://factorial-cpp-815005680514.europe-north1.run.app/,98,216.239.32.53,200,curl/7.81.0,674415c300098da1e4443393,004940b3b86c18748e4dcc1cf1d6f98f0194ecd3aeb83714bf0b2e09712dec2f29cf336537fbcfac4f15571ce04d45bd033764d87ac086da621c5d67c9277eaed363f89bd7e0ec22402accb3d5,projects/charismatic-tea-434516-a5/logs/run.googleapis.com%2Frequests,,,,,,,,,,,,,,,,,,,,,,,,,,,,,,,,,,,,,,,,,,2024-11-25T06:14:27.629019588Z,factorial-cpp,europe-north1,charismatic-tea-434516-a5,factorial-cpp-00003-x6l,factorial-cpp,cloud_run_revision,INFO,f0e740895810453a,,2024-11-25T06:14:27.618081Z,projects/charismatic-tea-434516-a5/traces/6730f061e408708d166798055cdbe521,true
0.001526630s,HTTP/1.1,172.183.210.137,GET,265,https://factorial-cpp-815005680514.europe-north1.run.app/,98,216.239.36.53,200,curl/7.81.0,674414c4000dfebf0f647a02,004940b3b86c18748e4dcc1cf1d6f98f0194ecd3aeb83714bf0b2e09712dec2f29cf336537fbcfac4f15571ce04d45bd033764d87ac086da621c5d67c9277eaed363f89bd7e0ec22402accb3d5,projects/charismatic-tea-434516-a5/logs/run.googleapis.com%2Frequests,,,,,,,,,,,,,,,,,,,,,,,,,,,,,,,,,,,,,,,,,,2024-11-25T06:10:12.920816118Z,factorial-cpp,europe-north1,charismatic-tea-434516-a5,factorial-cpp-00003-x6l,factorial-cpp,cloud_run_revision,INFO,a8b960178ef7a640,,2024-11-25T06:10:12.908182Z,projects/charismatic-tea-434516-a5/traces/4dde4c5c1d4a9df91a8cfabfeebbe7d1,true
0.001485534s,HTTP/1.1,172.183.210.137,GET,263,https://factorial-cpp-815005680514.europe-north1.run.app/,98,216.239.34.53,200,curl/7.81.0,674413c700088d75d714d456,004940b3b86c18748e4dcc1cf1d6f98f0194ecd3aeb83714bf0b2e09712dec2f29cf336537fbcfac4f15571ce04d45bd033764d87ac086da621c5d67c9277eaed363f89bd7e0ec22402accb3d5,projects/charismatic-tea-434516-a5/logs/run.googleapis.com%2Frequests,,,,,,,,,,,,,,,,,,,,,,,,,,,,,,,,,,,,,,,,,,2024-11-25T06:05:59.565775051Z,factorial-cpp,europe-north1,charismatic-tea-434516-a5,factorial-cpp-00003-x6l,factorial-cpp,cloud_run_revision,INFO,06ad886afa561927,,2024-11-25T06:05:59.552515Z,projects/charismatic-tea-434516-a5/traces/e61b2668d57404a413bc8e7dedcf8683,true
0.001360500s,HTTP/1.1,172.183.210.137,GET,264,https://factorial-cpp-815005680514.europe-north1.run.app/,98,216.239.36.53,200,curl/7.81.0,674412c7000cce76eae6511f,004940b3b86c18748e4dcc1cf1d6f98f0194ecd3aeb83714bf0b2e09712dec2f29cf336537fbcfac4f15571ce04d45bd033764d87ac086da621c5d67c9277eaed363f89bd7e0ec22402accb3d5,projects/charismatic-tea-434516-a5/logs/run.googleapis.com%2Frequests,,,,,,,,,,,,,,,,,,,,,,,,,,,,,,,,,,,,,,,,,,2024-11-25T06:01:43.842618631Z,factorial-cpp,europe-north1,charismatic-tea-434516-a5,factorial-cpp-00003-x6l,factorial-cpp,cloud_run_revision,INFO,67e4e93992385137,,2024-11-25T06:01:43.832231Z,projects/charismatic-tea-434516-a5/traces/e2d50d8dd6d59b9dfa7eb22502f54f36,true
0.001454818s,HTTP/1.1,172.183.210.137,GET,265,https://factorial-cpp-815005680514.europe-north1.run.app/,98,216.239.36.53,200,curl/7.81.0,674411c6000b658e141127bc,004940b3b86c18748e4dcc1cf1d6f98f0194ecd3aeb83714bf0b2e09712dec2f29cf336537fbcfac4f15571ce04d45bd033764d87ac086da621c5d67c9277eaed363f89bd7e0ec22402accb3d5,projects/charismatic-tea-434516-a5/logs/run.googleapis.com%2Frequests,,,,,,,,,,,,,,,,,,,,,,,,,,,,,,,,,,,,,,,,,,2024-11-25T05:57:26.752060898Z,factorial-cpp,europe-north1,charismatic-tea-434516-a5,factorial-cpp-00003-x6l,factorial-cpp,cloud_run_revision,INFO,ba6ef9909a79635b,,2024-11-25T05:57:26.738681Z,projects/charismatic-tea-434516-a5/traces/7a7301f44173cafc020155d621f56960,true
0.001487864s,HTTP/1.1,172.183.210.137,GET,265,https://factorial-cpp-815005680514.europe-north1.run.app/,98,216.239.38.53,200,curl/7.81.0,674410c700093c290c353f53,004940b3b86c18748e4dcc1cf1d6f98f0194ecd3aeb83714bf0b2e09712dec2f29cf336537fbcfac4f15571ce04d45bd033764d87ac086da621c5d67c9277eaed363f89bd7e0ec22402accb3d5,projects/charismatic-tea-434516-a5/logs/run.googleapis.com%2Frequests,,,,,,,,,,,,,,,,,,,,,,,,,,,,,,,,,,,,,,,,,,2024-11-25T05:53:11.608858037Z,factorial-cpp,europe-north1,charismatic-tea-434516-a5,factorial-cpp-00003-x6l,factorial-cpp,cloud_run_revision,INFO,e0718b02b6faad9e,,2024-11-25T05:53:11.596756Z,projects/charismatic-tea-434516-a5/traces/bb03c9c4e05f58327fac7937ef3a3e98,true
0.001670545s,HTTP/1.1,172.183.210.137,GET,265,https://factorial-cpp-815005680514.europe-north1.run.app/,98,216.239.34.53,200,curl/7.81.0,67440fc80006d4f466d516a8,004940b3b86c18748e4dcc1cf1d6f98f0194ecd3aeb83714bf0b2e09712dec2f29cf336537fbcfac4f15571ce04d45bd033764d87ac086da621c5d67c9277eaed363f89bd7e0ec22402accb3d5,projects/charismatic-tea-434516-a5/logs/run.googleapis.com%2Frequests,,,,,,,,,,,,,,,,,,,,,,,,,,,,,,,,,,,,,,,,,,2024-11-25T05:48:56.451866439Z,factorial-cpp,europe-north1,charismatic-tea-434516-a5,factorial-cpp-00003-x6l,factorial-cpp,cloud_run_revision,INFO,679e5408f586d72e,,2024-11-25T05:48:56.438607Z,projects/charismatic-tea-434516-a5/traces/021dd539fd05ce411277c5ea9da9d87b,true
0.001535913s,HTTP/1.1,172.183.210.137,GET,264,https://factorial-cpp-815005680514.europe-north1.run.app/,98,216.239.36.53,200,curl/7.81.0,67440ec600082ad3b639baa8,004940b3b86c18748e4dcc1cf1d6f98f0194ecd3aeb83714bf0b2e09712dec2f29cf336537fbcfac4f15571ce04d45bd033764d87ac086da621c5d67c9277eaed363f89bd7e0ec22402accb3d5,projects/charismatic-tea-434516-a5/logs/run.googleapis.com%2Frequests,,,,,,,,,,,,,,,,,,,,,,,,,,,,,,,,,,,,,,,,,,2024-11-25T05:44:38.538681973Z,factorial-cpp,europe-north1,charismatic-tea-434516-a5,factorial-cpp-00003-x6l,factorial-cpp,cloud_run_revision,INFO,aa59f108fae1ca9d,,2024-11-25T05:44:38.527249Z,projects/charismatic-tea-434516-a5/traces/36d6ef579fa29967093b806c865629c4,true
0.001729686s,HTTP/1.1,172.183.210.137,GET,264,https://factorial-cpp-815005680514.europe-north1.run.app/,98,216.239.34.53,200,curl/7.81.0,67440dc70000aea79b76b199,004940b3b86c18748e4dcc1cf1d6f98f0194ecd3aeb83714bf0b2e09712dec2f29cf336537fbcfac4f15571ce04d45bd033764d87ac086da621c5d67c9277eaed363f89bd7e0ec22402accb3d5,projects/charismatic-tea-434516-a5/logs/run.googleapis.com%2Frequests,,,,,,,,,,,,,,,,,,,,,,,,,,,,,,,,,,,,,,,,,,2024-11-25T05:40:23.049798888Z,factorial-cpp,europe-north1,charismatic-tea-434516-a5,factorial-cpp-00003-x6l,factorial-cpp,cloud_run_revision,INFO,54993fd7edbbd6c9,,2024-11-25T05:40:23.036033Z,projects/charismatic-tea-434516-a5/traces/eb195f40a7f8f689a94cd0cc408f1bde,true
0.002050324s,HTTP/1.1,52.159.144.213,GET,265,https://factorial-cpp-815005680514.europe-north1.run.app/,98,216.239.34.53,200,curl/7.81.0,674409c10006750135242940,004940b3b86c18748e4dcc1cf1d6f98f0194ecd3aeb83714bf0b2e09712dec2f29cf336537fbcfac4f15571ce04d45bd033764d87ac086da621c5d67c9277eaed363f89bd7e0ec22402accb3d5,projects/charismatic-tea-434516-a5/logs/run.googleapis.com%2Frequests,,,,,,,,,,,,,,,,,,,,,,,,,,,,,,,,,,,,,,,,,,2024-11-25T05:23:13.427808684Z,factorial-cpp,europe-north1,charismatic-tea-434516-a5,factorial-cpp-00003-x6l,factorial-cpp,cloud_run_revision,INFO,02014cd057363aa8,,2024-11-25T05:23:13.414386Z,projects/charismatic-tea-434516-a5/traces/dbe1fa6a144055a26ff0f559be497481,true
0.001506877s,HTTP/1.1,52.159.144.213,GET,264,https://factorial-cpp-815005680514.europe-north1.run.app/,98,216.239.38.53,200,curl/7.81.0,674408c100019662a2a014bf,004940b3b86c18748e4dcc1cf1d6f98f0194ecd3aeb83714bf0b2e09712dec2f29cf336537fbcfac4f15571ce04d45bd033764d87ac086da621c5d67c9277eaed363f89bd7e0ec22402accb3d5,projects/charismatic-tea-434516-a5/logs/run.googleapis.com%2Frequests,,,,,,,,,,,,,,,,,,,,,,,,,,,,,,,,,,,,,,,,,,2024-11-25T05:18:57.106596460Z,factorial-cpp,europe-north1,charismatic-tea-434516-a5,factorial-cpp-00003-x6l,factorial-cpp,cloud_run_revision,INFO,23677dfb561600d3,,2024-11-25T05:18:57.095379Z,projects/charismatic-tea-434516-a5/traces/732a7b2a57e82238cdfc720864c99321,true
0.001438683s,HTTP/1.1,52.159.144.213,GET,264,https://factorial-cpp-815005680514.europe-north1.run.app/,98,216.239.36.53,200,curl/7.81.0,674407c100059a6b1da50f45,004940b3b86c18748e4dcc1cf1d6f98f0194ecd3aeb83714bf0b2e09712dec2f29cf336537fbcfac4f15571ce04d45bd033764d87ac086da621c5d67c9277eaed363f89bd7e0ec22402accb3d5,projects/charismatic-tea-434516-a5/logs/run.googleapis.com%2Frequests,,,,,,,,,,,,,,,,,,,,,,,,,,,,,,,,,,,,,,,,,,2024-11-25T05:14:41.370164939Z,factorial-cpp,europe-north1,charismatic-tea-434516-a5,factorial-cpp-00003-x6l,factorial-cpp,cloud_run_revision,INFO,6d9184b7dbe75b98,,2024-11-25T05:14:41.359551Z,projects/charismatic-tea-434516-a5/traces/074c11119062659df85d7da0e0df0284,true
0.001852995s,HTTP/1.1,52.159.144.213,GET,265,https://factorial-cpp-815005680514.europe-north1.run.app/,98,216.239.38.53,200,curl/7.81.0,674406c2000176fb91384670,004940b3b86c18748e4dcc1cf1d6f98f0194ecd3aeb83714bf0b2e09712dec2f29cf336537fbcfac4f15571ce04d45bd033764d87ac086da621c5d67c9277eaed363f89bd7e0ec22402accb3d5,projects/charismatic-tea-434516-a5/logs/run.googleapis.com%2Frequests,,,,,,,,,,,,,,,,,,,,,,,,,,,,,,,,,,,,,,,,,,2024-11-25T05:10:26.099345575Z,factorial-cpp,europe-north1,charismatic-tea-434516-a5,factorial-cpp-00003-x6l,factorial-cpp,cloud_run_revision,INFO,5c7fb62f9a6299b0,,2024-11-25T05:10:26.087336Z,projects/charismatic-tea-434516-a5/traces/4868c0f4b2c2d6f4b80096481dc3d47b,true
0.001349616s,HTTP/1.1,52.159.144.213,GET,265,https://factorial-cpp-815005680514.europe-north1.run.app/,98,216.239.34.53,200,curl/7.81.0,674405c2000b8e803433e8d6,004940b3b86c18748e4dcc1cf1d6f98f0194ecd3aeb83714bf0b2e09712dec2f29cf336537fbcfac4f15571ce04d45bd033764d87ac086da621c5d67c9277eaed363f89bd7e0ec22402accb3d5,projects/charismatic-tea-434516-a5/logs/run.googleapis.com%2Frequests,,,,,,,,,,,,,,,,,,,,,,,,,,,,,,,,,,,,,,,,,,2024-11-25T05:06:10.760859056Z,factorial-cpp,europe-north1,charismatic-tea-434516-a5,factorial-cpp-00003-x6l,factorial-cpp,cloud_run_revision,INFO,dbd387cab772b6f2,,2024-11-25T05:06:10.750542Z,projects/charismatic-tea-434516-a5/traces/3a8f09c01bfae8edc310b07acb600813,true
0.001201353s,HTTP/1.1,52.159.144.213,GET,265,https://factorial-cpp-815005680514.europe-north1.run.app/,98,216.239.34.53,200,curl/7.81.0,674404c4000ef5c12b36d990,004940b3b86c18748e4dcc1cf1d6f98f0194ecd3aeb83714bf0b2e09712dec2f29cf336537fbcfac4f15571ce04d45bd033764d87ac086da621c5d67c9277eaed363f89bd7e0ec22402accb3d5,projects/charismatic-tea-434516-a5/logs/run.googleapis.com%2Frequests,,,,,,,,,,,,,,,,,,,,,,,,,,,,,,,,,,,,,,,,,,2024-11-25T05:01:56.984799645Z,factorial-cpp,europe-north1,charismatic-tea-434516-a5,factorial-cpp-00003-x6l,factorial-cpp,cloud_run_revision,INFO,b5d18b358d3631df,,2024-11-25T05:01:56.973116Z,projects/charismatic-tea-434516-a5/traces/db9cd77d532c6972a53e8942a41fae8b,true
0.001196884s,HTTP/1.1,52.159.144.213,GET,265,https://factorial-cpp-815005680514.europe-north1.run.app/,98,216.239.36.53,200,curl/7.81.0,674403c5000ca2978da8ff68,004940b3b86c18748e4dcc1cf1d6f98f0194ecd3aeb83714bf0b2e09712dec2f29cf336537fbcfac4f15571ce04d45bd033764d87ac086da621c5d67c9277eaed363f89bd7e0ec22402accb3d5,projects/charismatic-tea-434516-a5/logs/run.googleapis.com%2Frequests,,,,,,,,,,,,,,,,,,,,,,,,,,,,,,,,,,,,,,,,,,2024-11-25T04:57:41.829881921Z,factorial-cpp,europe-north1,charismatic-tea-434516-a5,factorial-cpp-00003-x6l,factorial-cpp,cloud_run_revision,INFO,eb8ec23982aab133,,2024-11-25T04:57:41.820734Z,projects/charismatic-tea-434516-a5/traces/e0938c702e0789fa254801be8fd29cff,true
0.001379474s,HTTP/1.1,52.159.144.213,GET,264,https://factorial-cpp-815005680514.europe-north1.run.app/,98,216.239.32.53,200,curl/7.81.0,674402c50002fb28b25aee5d,004940b3b86c18748e4dcc1cf1d6f98f0194ecd3aeb83714bf0b2e09712dec2f29cf336537fbcfac4f15571ce04d45bd033764d87ac086da621c5d67c9277eaed363f89bd7e0ec22402accb3d5,projects/charismatic-tea-434516-a5/logs/run.googleapis.com%2Frequests,,,,,,,,,,,,,,,,,,,,,,,,,,,,,,,,,,,,,,,,,,2024-11-25T04:53:25.200323376Z,factorial-cpp,europe-north1,charismatic-tea-434516-a5,factorial-cpp-00003-x6l,factorial-cpp,cloud_run_revision,INFO,57d78317a3ad86f0,,2024-11-25T04:53:25.187279Z,projects/charismatic-tea-434516-a5/traces/52fdf9ed099542ef3e32824e0969261b,true
0.001377086s,HTTP/1.1,52.159.144.213,GET,264,https://factorial-cpp-815005680514.europe-north1.run.app/,98,216.239.32.53,200,curl/7.81.0,674401c3000d95cd247203ac,004940b3b86c18748e4dcc1cf1d6f98f0194ecd3aeb83714bf0b2e09712dec2f29cf336537fbcfac4f15571ce04d45bd033764d87ac086da621c5d67c9277eaed363f89bd7e0ec22402accb3d5,projects/charismatic-tea-434516-a5/logs/run.googleapis.com%2Frequests,,,,,,,,,,,,,,,,,,,,,,,,,,,,,,,,,,,,,,,,,,2024-11-25T04:49:07.892186600Z,factorial-cpp,europe-north1,charismatic-tea-434516-a5,factorial-cpp-00003-x6l,factorial-cpp,cloud_run_revision,INFO,e78105543586cdc6,,2024-11-25T04:49:07.883191Z,projects/charismatic-tea-434516-a5/traces/99f98dbadc96da187ced9587039eaace,true
0.001630941s,HTTP/1.1,52.159.144.213,GET,265,https://factorial-cpp-815005680514.europe-north1.run.app/,98,216.239.34.53,200,curl/7.81.0,674400c20003b18163c50397,004940b3b86c18748e4dcc1cf1d6f98f0194ecd3aeb83714bf0b2e09712dec2f29cf336537fbcfac4f15571ce04d45bd033764d87ac086da621c5d67c9277eaed363f89bd7e0ec22402accb3d5,projects/charismatic-tea-434516-a5/logs/run.googleapis.com%2Frequests,,,,,,,,,,,,,,,,,,,,,,,,,,,,,,,,,,,,,,,,,,2024-11-25T04:44:50.245875234Z,factorial-cpp,europe-north1,charismatic-tea-434516-a5,factorial-cpp-00003-x6l,factorial-cpp,cloud_run_revision,INFO,2cd036f6aaae78b5,,2024-11-25T04:44:50.232783Z,projects/charismatic-tea-434516-a5/traces/1b3f2d2bf45c68a924a9d04b7fe14278,true
0.001617142s,HTTP/1.1,20.55.221.77,GET,265,https://factorial-cpp-815005680514.europe-north1.run.app/,98,216.239.34.53,200,curl/7.81.0,6743f38f000e80d4dad638a1,004940b3b86c18748e4dcc1cf1d6f98f0194ecd3aeb83714bf0b2e09712dec2f29cf336537fbcfac4f15571ce04d45bd033764d87ac086da621c5d67c9277eaed363f89bd7e0ec22402accb3d5,projects/charismatic-tea-434516-a5/logs/run.googleapis.com%2Frequests,,,,,,,,,,,,,,,,,,,,,,,,,,,,,,,,,,,,,,,,,,2024-11-25T03:48:31.954005280Z,factorial-cpp,europe-north1,charismatic-tea-434516-a5,factorial-cpp-00003-x6l,factorial-cpp,cloud_run_revision,INFO,a5a2a58bc20dc3ae,,2024-11-25T03:48:31.941835Z,projects/charismatic-tea-434516-a5/traces/ce36c4d140fe7f8ec343630832e7d698,true
0.001156576s,HTTP/1.1,20.55.221.77,GET,265,https://factorial-cpp-815005680514.europe-north1.run.app/,98,216.239.34.53,200,curl/7.81.0,6743f2910008a47ffccf4460,004940b3b86c18748e4dcc1cf1d6f98f0194ecd3aeb83714bf0b2e09712dec2f29cf336537fbcfac4f15571ce04d45bd033764d87ac086da621c5d67c9277eaed363f89bd7e0ec22402accb3d5,projects/charismatic-tea-434516-a5/logs/run.googleapis.com%2Frequests,,,,,,,,,,,,,,,,,,,,,,,,,,,,,,,,,,,,,,,,,,2024-11-25T03:44:17.570476681Z,factorial-cpp,europe-north1,charismatic-tea-434516-a5,factorial-cpp-00003-x6l,factorial-cpp,cloud_run_revision,INFO,e6edf30ff359b640,,2024-11-25T03:44:17.559920Z,projects/charismatic-tea-434516-a5/traces/7e81c93153874a1cdc675dae1b740f9c,true
0.002700155s,HTTP/1.1,20.55.221.77,GET,264,https://factorial-cpp-815005680514.europe-north1.run.app/,98,216.239.36.53,200,curl/7.81.0,6743f19300013981f8bf5041,004940b3b86c18748e4dcc1cf1d6f98f0194ecd3aeb83714bf0b2e09712dec2f29cf336537fbcfac4f15571ce04d45bd033764d87ac086da621c5d67c9277eaed363f89bd7e0ec22402accb3d5,projects/charismatic-tea-434516-a5/logs/run.googleapis.com%2Frequests,,,,,,,,,,,,,,,,,,,,,,,,,,,,,,,,,,,,,,,,,,2024-11-25T03:40:03.082962395Z,factorial-cpp,europe-north1,charismatic-tea-434516-a5,factorial-cpp-00003-x6l,factorial-cpp,cloud_run_revision,INFO,909a78c05a6f8cc3,,2024-11-25T03:40:03.071213Z,projects/charismatic-tea-434516-a5/traces/e7b6e5c3ca73a5fa30ce0d6abbf2fca9,true
0.001365550s,HTTP/1.1,20.55.221.77,GET,265,https://factorial-cpp-815005680514.europe-north1.run.app/,98,216.239.34.53,200,curl/7.81.0,6743f09400060ec0fbdb79bf,004940b3b86c18748e4dcc1cf1d6f98f0194ecd3aeb83714bf0b2e09712dec2f29cf336537fbcfac4f15571ce04d45bd033764d87ac086da621c5d67c9277eaed363f89bd7e0ec22402accb3d5,projects/charismatic-tea-434516-a5/logs/run.googleapis.com%2Frequests,,,,,,,,,,,,,,,,,,,,,,,,,,,,,,,,,,,,,,,,,,2024-11-25T03:35:48.400882710Z,factorial-cpp,europe-north1,charismatic-tea-434516-a5,factorial-cpp-00003-x6l,factorial-cpp,cloud_run_revision,INFO,777f15e24d28db7f,,2024-11-25T03:35:48.389462Z,projects/charismatic-tea-434516-a5/traces/01802ae8eb98b6d1c891dd5d5a6536f6,true
0.001476249s,HTTP/1.1,20.55.221.77,GET,265,https://factorial-cpp-815005680514.europe-north1.run.app/,98,216.239.34.53,200,curl/7.81.0,6743ef970007a7da6ca10170,004940b3b86c18748e4dcc1cf1d6f98f0194ecd3aeb83714bf0b2e09712dec2f29cf336537fbcfac4f15571ce04d45bd033764d87ac086da621c5d67c9277eaed363f89bd7e0ec22402accb3d5,projects/charismatic-tea-434516-a5/logs/run.googleapis.com%2Frequests,,,,,,,,,,,,,,,,,,,,,,,,,,,,,,,,,,,,,,,,,,2024-11-25T03:31:35.505114642Z,factorial-cpp,europe-north1,charismatic-tea-434516-a5,factorial-cpp-00003-x6l,factorial-cpp,cloud_run_revision,INFO,4c77bbfaf38d6d5b,,2024-11-25T03:31:35.494655Z,projects/charismatic-tea-434516-a5/traces/343360194c68ae01378e5864a1dde4f9,true
0.001699742s,HTTP/1.1,20.55.221.77,GET,264,https://factorial-cpp-815005680514.europe-north1.run.app/,98,216.239.32.53,200,curl/7.81.0,6743ee99000b43cb1acd12c3,004940b3b86c18748e4dcc1cf1d6f98f0194ecd3aeb83714bf0b2e09712dec2f29cf336537fbcfac4f15571ce04d45bd033764d87ac086da621c5d67c9277eaed363f89bd7e0ec22402accb3d5,projects/charismatic-tea-434516-a5/logs/run.googleapis.com%2Frequests,,,,,,,,,,,,,,,,,,,,,,,,,,,,,,,,,,,,,,,,,,2024-11-25T03:27:21.742579989Z,factorial-cpp,europe-north1,charismatic-tea-434516-a5,factorial-cpp-00003-x6l,factorial-cpp,cloud_run_revision,INFO,93f82b2b11d6db55,,2024-11-25T03:27:21.729175Z,projects/charismatic-tea-434516-a5/traces/2fec26d5c05960612115c928713d1a54,true
0.001229856s,HTTP/1.1,20.55.221.77,GET,264,https://factorial-cpp-815005680514.europe-north1.run.app/,98,216.239.34.53,200,curl/7.81.0,6743ed9a0007b3b417e1095f,004940b3b86c18748e4dcc1cf1d6f98f0194ecd3aeb83714bf0b2e09712dec2f29cf336537fbcfac4f15571ce04d45bd033764d87ac086da621c5d67c9277eaed363f89bd7e0ec22402accb3d5,projects/charismatic-tea-434516-a5/logs/run.googleapis.com%2Frequests,,,,,,,,,,,,,,,,,,,,,,,,,,,,,,,,,,,,,,,,,,2024-11-25T03:23:06.509310011Z,factorial-cpp,europe-north1,charismatic-tea-434516-a5,factorial-cpp-00003-x6l,factorial-cpp,cloud_run_revision,INFO,25a828db7f2b451d,,2024-11-25T03:23:06.495182Z,projects/charismatic-tea-434516-a5/traces/3b73b0f40397bb9a154aff7cc09783f9,true
0.001593346s,HTTP/1.1,20.55.221.77,GET,264,https://factorial-cpp-815005680514.europe-north1.run.app/,98,216.239.38.53,200,curl/7.81.0,6743ec9d00080a860d2ec480,004940b3b86c18748e4dcc1cf1d6f98f0194ecd3aeb83714bf0b2e09712dec2f29cf336537fbcfac4f15571ce04d45bd033764d87ac086da621c5d67c9277eaed363f89bd7e0ec22402accb3d5,projects/charismatic-tea-434516-a5/logs/run.googleapis.com%2Frequests,,,,,,,,,,,,,,,,,,,,,,,,,,,,,,,,,,,,,,,,,,2024-11-25T03:18:53.529369429Z,factorial-cpp,europe-north1,charismatic-tea-434516-a5,factorial-cpp-00003-x6l,factorial-cpp,cloud_run_revision,INFO,f3a844a683517564,,2024-11-25T03:18:53.518722Z,projects/charismatic-tea-434516-a5/traces/d009a46f39ec2cefa0eb2c6fc71a43f8,true
0.001464078s,HTTP/1.1,20.55.221.77,GET,265,https://factorial-cpp-815005680514.europe-north1.run.app/,98,216.239.34.53,200,curl/7.81.0,6743eb9e000b1e75646f165b,004940b3b86c18748e4dcc1cf1d6f98f0194ecd3aeb83714bf0b2e09712dec2f29cf336537fbcfac4f15571ce04d45bd033764d87ac086da621c5d67c9277eaed363f89bd7e0ec22402accb3d5,projects/charismatic-tea-434516-a5/logs/run.googleapis.com%2Frequests,,,,,,,,,,,,,,,,,,,,,,,,,,,,,,,,,,,,,,,,,,2024-11-25T03:14:38.731642379Z,factorial-cpp,europe-north1,charismatic-tea-434516-a5,factorial-cpp-00003-x6l,factorial-cpp,cloud_run_revision,INFO,0fa0d07a0fc441cd,,2024-11-25T03:14:38.719808Z,projects/charismatic-tea-434516-a5/traces/c4a36c301f513161048a641730282cf1,true
0.015560349s,HTTP/1.1,20.55.221.77,GET,265,https://factorial-cpp-815005680514.europe-north1.run.app/,98,216.239.34.53,200,curl/7.81.0,6743eaa0000d0c5dc4ae0077,004940b3b86c18748e4dcc1cf1d6f98f0194ecd3aeb83714bf0b2e09712dec2f29cf336537fbcfac4f15571ce04d45bd033764d87ac086da621c5d67c9277eaed363f89bd7e0ec22402accb3d5,projects/charismatic-tea-434516-a5/logs/run.googleapis.com%2Frequests,,,,,,,,,,,,,,,,,,,,,,,,,,,,,,,,,,,,,,,,,,2024-11-25T03:10:24.859086508Z,factorial-cpp,europe-north1,charismatic-tea-434516-a5,factorial-cpp-00003-x6l,factorial-cpp,cloud_run_revision,INFO,ec9f45d174a45b15,,2024-11-25T03:10:24.831656Z,projects/charismatic-tea-434516-a5/traces/0be6850c10988a13bcb1236bf1e2d4a2,true
0.002376455s,HTTP/1.1,52.159.145.255,GET,265,https://factorial-cpp-815005680514.europe-north1.run.app/,98,216.239.34.53,200,curl/7.81.0,6743c096000b21610c2c61b0,004940b3b86c18748e4dcc1cf1d6f98f0194ecd3aeb83714bf0b2e09712dec2f29cf336537fbcfac4f15571ce04d45bd033764d87ac086da621c5d67c9277eaed363f89bd7e0ec22402accb3d5,projects/charismatic-tea-434516-a5/logs/run.googleapis.com%2Frequests,,,,,,,,,,,,,,,,,,,,,,,,,,,,,,,,,,,,,,,,,,2024-11-25T00:11:02.732700951Z,factorial-cpp,europe-north1,charismatic-tea-434516-a5,factorial-cpp-00003-x6l,factorial-cpp,cloud_run_revision,INFO,82fb181fa3c48127,,2024-11-25T00:11:02.721114Z,projects/charismatic-tea-434516-a5/traces/08e4648717d3b2f516bccb3034bcd1a1,true
0.003700389s,HTTP/1.1,52.159.145.255,GET,265,https://factorial-cpp-815005680514.europe-north1.run.app/,98,216.239.36.53,200,curl/7.81.0,6743bf980006deeb24413db1,004940b3b86c18748e4dcc1cf1d6f98f0194ecd3aeb83714bf0b2e09712dec2f29cf336537fbcfac4f15571ce04d45bd033764d87ac086da621c5d67c9277eaed363f89bd7e0ec22402accb3d5,projects/charismatic-tea-434516-a5/logs/run.googleapis.com%2Frequests,,,,,,,,,,,,,,,,,,,,,,,,,,,,,,,,,,,,,,,,,,2024-11-25T00:06:48.454330305Z,factorial-cpp,europe-north1,charismatic-tea-434516-a5,factorial-cpp-00003-x6l,factorial-cpp,cloud_run_revision,INFO,52ea72fe39fc473d,,2024-11-25T00:06:48.440561Z,projects/charismatic-tea-434516-a5/traces/0857d70378e66172e54fc0a8da3a5c3c,true
0.001465974s,HTTP/1.1,52.159.145.255,GET,264,https://factorial-cpp-815005680514.europe-north1.run.app/,98,216.239.38.53,200,curl/7.81.0,6743be99000bb96b885b45f3,004940b3b86c18748e4dcc1cf1d6f98f0194ecd3aeb83714bf0b2e09712dec2f29cf336537fbcfac4f15571ce04d45bd033764d87ac086da621c5d67c9277eaed363f89bd7e0ec22402accb3d5,projects/charismatic-tea-434516-a5/logs/run.googleapis.com%2Frequests,,,,,,,,,,,,,,,,,,,,,,,,,,,,,,,,,,,,,,,,,,2024-11-25T00:02:33.772024220Z,factorial-cpp,europe-north1,charismatic-tea-434516-a5,factorial-cpp-00003-x6l,factorial-cpp,cloud_run_revision,INFO,f03d909dda237f58,,2024-11-25T00:02:33.761462Z,projects/charismatic-tea-434516-a5/traces/32d387827ae1cbf7f30de32cf39d0688,true
0.001378041s,HTTP/1.1,52.159.145.255,GET,265,https://factorial-cpp-815005680514.europe-north1.run.app/,98,216.239.36.53,200,curl/7.81.0,6743bd9800005a7793cf94dd,004940b3b86c18748e4dcc1cf1d6f98f0194ecd3aeb83714bf0b2e09712dec2f29cf336537fbcfac4f15571ce04d45bd033764d87ac086da621c5d67c9277eaed363f89bd7e0ec22402accb3d5,projects/charismatic-tea-434516-a5/logs/run.googleapis.com%2Frequests,,,,,,,,,,,,,,,,,,,,,,,,,,,,,,,,,,,,,,,,,,2024-11-24T23:58:16.024774515Z,factorial-cpp,europe-north1,charismatic-tea-434516-a5,factorial-cpp-00003-x6l,factorial-cpp,cloud_run_revision,INFO,e0db4e9e924ec9ec,,2024-11-24T23:58:16.015960Z,projects/charismatic-tea-434516-a5/traces/1990d11f42c1c798d323b38e4c99c2e5,true
0.001381922s,HTTP/1.1,52.159.145.255,GET,264,https://factorial-cpp-815005680514.europe-north1.run.app/,98,216.239.32.53,200,curl/7.81.0,6743bc990000b1e724e9e1f1,004940b3b86c18748e4dcc1cf1d6f98f0194ecd3aeb83714bf0b2e09712dec2f29cf336537fbcfac4f15571ce04d45bd033764d87ac086da621c5d67c9277eaed363f89bd7e0ec22402accb3d5,projects/charismatic-tea-434516-a5/logs/run.googleapis.com%2Frequests,,,,,,,,,,,,,,,,,,,,,,,,,,,,,,,,,,,,,,,,,,2024-11-24T23:54:01.049480070Z,factorial-cpp,europe-north1,charismatic-tea-434516-a5,factorial-cpp-00003-x6l,factorial-cpp,cloud_run_revision,INFO,21b73195385a926c,,2024-11-24T23:54:01.038474Z,projects/charismatic-tea-434516-a5/traces/ce7631f98170016759d20d706660a906,true
0.001338935s,HTTP/1.1,52.159.145.255,GET,264,https://factorial-cpp-815005680514.europe-north1.run.app/,98,216.239.34.53,200,curl/7.81.0,6743bb9800096c1df98db2dd,004940b3b86c18748e4dcc1cf1d6f98f0194ecd3aeb83714bf0b2e09712dec2f29cf336537fbcfac4f15571ce04d45bd033764d87ac086da621c5d67c9277eaed363f89bd7e0ec22402accb3d5,projects/charismatic-tea-434516-a5/logs/run.googleapis.com%2Frequests,,,,,,,,,,,,,,,,,,,,,,,,,,,,,,,,,,,,,,,,,,2024-11-24T23:49:44.621629676Z,factorial-cpp,europe-north1,charismatic-tea-434516-a5,factorial-cpp-00003-x6l,factorial-cpp,cloud_run_revision,INFO,0ac13a255bf0584a,,2024-11-24T23:49:44.608834Z,projects/charismatic-tea-434516-a5/traces/8d423e1a8794a57a1e1c7a5114cf82c1,true
0.003444972s,HTTP/1.1,52.159.145.255,GET,265,https://factorial-cpp-815005680514.europe-north1.run.app/,98,216.239.34.53,200,curl/7.81.0,6743ba980009cff8fc3a743a,004940b3b86c18748e4dcc1cf1d6f98f0194ecd3aeb83714bf0b2e09712dec2f29cf336537fbcfac4f15571ce04d45bd033764d87ac086da621c5d67c9277eaed363f89bd7e0ec22402accb3d5,projects/charismatic-tea-434516-a5/logs/run.googleapis.com%2Frequests,,,,,,,,,,,,,,,,,,,,,,,,,,,,,,,,,,,,,,,,,,2024-11-24T23:45:28.645236985Z,factorial-cpp,europe-north1,charismatic-tea-434516-a5,factorial-cpp-00003-x6l,factorial-cpp,cloud_run_revision,INFO,4b87627623b2bb31,,2024-11-24T23:45:28.633466Z,projects/charismatic-tea-434516-a5/traces/3d47095a254d4d34152fac77df6d6a1e,true
0.001393026s,HTTP/1.1,52.159.145.255,GET,265,https://factorial-cpp-815005680514.europe-north1.run.app/,98,216.239.34.53,200,curl/7.81.0,6743b9990001879a0968bbe5,004940b3b86c18748e4dcc1cf1d6f98f0194ecd3aeb83714bf0b2e09712dec2f29cf336537fbcfac4f15571ce04d45bd033764d87ac086da621c5d67c9277eaed363f89bd7e0ec22402accb3d5,projects/charismatic-tea-434516-a5/logs/run.googleapis.com%2Frequests,,,,,,,,,,,,,,,,,,,,,,,,,,,,,,,,,,,,,,,,,,2024-11-24T23:41:13.103947301Z,factorial-cpp,europe-north1,charismatic-tea-434516-a5,factorial-cpp-00003-x6l,factorial-cpp,cloud_run_revision,INFO,81ea111f8d57111b,,2024-11-24T23:41:13.092190Z,projects/charismatic-tea-434516-a5/traces/e1b0124a567c728b393a0723e43d5afa,true
0.001195936s,HTTP/1.1,52.159.145.255,GET,264,https://factorial-cpp-815005680514.europe-north1.run.app/,98,216.239.32.53,200,curl/7.81.0,6743b899000ad600ec95b641,004940b3b86c18748e4dcc1cf1d6f98f0194ecd3aeb83714bf0b2e09712dec2f29cf336537fbcfac4f15571ce04d45bd033764d87ac086da621c5d67c9277eaed363f89bd7e0ec22402accb3d5,projects/charismatic-tea-434516-a5/logs/run.googleapis.com%2Frequests,,,,,,,,,,,,,,,,,,,,,,,,,,,,,,,,,,,,,,,,,,2024-11-24T23:36:57.713320954Z,factorial-cpp,europe-north1,charismatic-tea-434516-a5,factorial-cpp-00003-x6l,factorial-cpp,cloud_run_revision,INFO,6729be7220804f1b,,2024-11-24T23:36:57.702297Z,projects/charismatic-tea-434516-a5/traces/9ab86caf4984aeea6629c0e2b56d8ba1,true
0.001453847s,HTTP/1.1,52.159.145.255,GET,264,https://factorial-cpp-815005680514.europe-north1.run.app/,98,216.239.32.53,200,curl/7.81.0,6743b799000285d08efbdad8,004940b3b86c18748e4dcc1cf1d6f98f0194ecd3aeb83714bf0b2e09712dec2f29cf336537fbcfac4f15571ce04d45bd033764d87ac086da621c5d67c9277eaed363f89bd7e0ec22402accb3d5,projects/charismatic-tea-434516-a5/logs/run.googleapis.com%2Frequests,,,,,,,,,,,,,,,,,,,,,,,,,,,,,,,,,,,,,,,,,,2024-11-24T23:32:41.168426020Z,factorial-cpp,europe-north1,charismatic-tea-434516-a5,factorial-cpp-00003-x6l,factorial-cpp,cloud_run_revision,INFO,f1a0a884379be816,,2024-11-24T23:32:41.158003Z,projects/charismatic-tea-434516-a5/traces/41a0c2ec77ea8484446d8c74c04c2949,true
0.001548944s,HTTP/1.1,20.109.61.178,GET,263,https://factorial-cpp-815005680514.europe-north1.run.app/,98,216.239.38.53,200,curl/7.81.0,6743b3940000cd2239b0c5fe,004940b3b86c18748e4dcc1cf1d6f98f0194ecd3aeb83714bf0b2e09712dec2f29cf336537fbcfac4f15571ce04d45bd033764d87ac086da621c5d67c9277eaed363f89bd7e0ec22402accb3d5,projects/charismatic-tea-434516-a5/logs/run.googleapis.com%2Frequests,,,,,,,,,,,,,,,,,,,,,,,,,,,,,,,,,,,,,,,,,,2024-11-24T23:15:32.058177981Z,factorial-cpp,europe-north1,charismatic-tea-434516-a5,factorial-cpp-00003-x6l,factorial-cpp,cloud_run_revision,INFO,2a377b7579a4e21d,,2024-11-24T23:15:32.044980Z,projects/charismatic-tea-434516-a5/traces/643e4cee392dc8c2fe75d1b16ed66517,true
0.001252232s,HTTP/1.1,20.109.61.178,GET,265,https://factorial-cpp-815005680514.europe-north1.run.app/,98,216.239.38.53,200,curl/7.81.0,6743b2940002b79253bfed22,004940b3b86c18748e4dcc1cf1d6f98f0194ecd3aeb83714bf0b2e09712dec2f29cf336537fbcfac4f15571ce04d45bd033764d87ac086da621c5d67c9277eaed363f89bd7e0ec22402accb3d5,projects/charismatic-tea-434516-a5/logs/run.googleapis.com%2Frequests,,,,,,,,,,,,,,,,,,,,,,,,,,,,,,,,,,,,,,,,,,2024-11-24T23:11:16.182294765Z,factorial-cpp,europe-north1,charismatic-tea-434516-a5,factorial-cpp-00003-x6l,factorial-cpp,cloud_run_revision,INFO,c63c1086f57de291,,2024-11-24T23:11:16.163010Z,projects/charismatic-tea-434516-a5/traces/409f688f62817a65be2df103bb3dd53d,true
0.001788472s,HTTP/1.1,20.109.61.178,GET,264,https://factorial-cpp-815005680514.europe-north1.run.app/,98,216.239.32.53,200,curl/7.81.0,6743b195000e5aa7b8a2f7cf,004940b3b86c18748e4dcc1cf1d6f98f0194ecd3aeb83714bf0b2e09712dec2f29cf336537fbcfac4f15571ce04d45bd033764d87ac086da621c5d67c9277eaed363f89bd7e0ec22402accb3d5,projects/charismatic-tea-434516-a5/logs/run.googleapis.com%2Frequests,,,,,,,,,,,,,,,,,,,,,,,,,,,,,,,,,,,,,,,,,,2024-11-24T23:07:01.943974575Z,factorial-cpp,europe-north1,charismatic-tea-434516-a5,factorial-cpp-00003-x6l,factorial-cpp,cloud_run_revision,INFO,002bfb63a780c39e,,2024-11-24T23:07:01.931334Z,projects/charismatic-tea-434516-a5/traces/cf382b91274adb4003fa0500b7dd2c45,true
0.001332465s,HTTP/1.1,20.109.61.178,GET,265,https://factorial-cpp-815005680514.europe-north1.run.app/,98,216.239.36.53,200,curl/7.81.0,6743b09700095da1ffa5a14c,004940b3b86c18748e4dcc1cf1d6f98f0194ecd3aeb83714bf0b2e09712dec2f29cf336537fbcfac4f15571ce04d45bd033764d87ac086da621c5d67c9277eaed363f89bd7e0ec22402accb3d5,projects/charismatic-tea-434516-a5/logs/run.googleapis.com%2Frequests,,,,,,,,,,,,,,,,,,,,,,,,,,,,,,,,,,,,,,,,,,2024-11-24T23:02:47.617524921Z,factorial-cpp,europe-north1,charismatic-tea-434516-a5,factorial-cpp-00003-x6l,factorial-cpp,cloud_run_revision,INFO,7e2579da42cbf305,,2024-11-24T23:02:47.606863Z,projects/charismatic-tea-434516-a5/traces/c8aa98e2ccbcfb61c26f651b07f08c1b,true
0.001178053s,HTTP/1.1,20.109.61.178,GET,263,https://factorial-cpp-815005680514.europe-north1.run.app/,98,216.239.32.53,200,curl/7.81.0,6743af980007ab79346da2da,004940b3b86c18748e4dcc1cf1d6f98f0194ecd3aeb83714bf0b2e09712dec2f29cf336537fbcfac4f15571ce04d45bd033764d87ac086da621c5d67c9277eaed363f89bd7e0ec22402accb3d5,projects/charismatic-tea-434516-a5/logs/run.googleapis.com%2Frequests,,,,,,,,,,,,,,,,,,,,,,,,,,,,,,,,,,,,,,,,,,2024-11-24T22:58:32.505526946Z,factorial-cpp,europe-north1,charismatic-tea-434516-a5,factorial-cpp-00003-x6l,factorial-cpp,cloud_run_revision,INFO,3f309b66508717df,,2024-11-24T22:58:32.495557Z,projects/charismatic-tea-434516-a5/traces/3f1d933693c160abb94e8adf18696827,true
0.001270449s,HTTP/1.1,20.109.61.178,GET,265,https://factorial-cpp-815005680514.europe-north1.run.app/,98,216.239.36.53,200,curl/7.81.0,6743ae9a0003b4adacf3410c,004940b3b86c18748e4dcc1cf1d6f98f0194ecd3aeb83714bf0b2e09712dec2f29cf336537fbcfac4f15571ce04d45bd033764d87ac086da621c5d67c9277eaed363f89bd7e0ec22402accb3d5,projects/charismatic-tea-434516-a5/logs/run.googleapis.com%2Frequests,,,,,,,,,,,,,,,,,,,,,,,,,,,,,,,,,,,,,,,,,,2024-11-24T22:54:18.246255015Z,factorial-cpp,europe-north1,charismatic-tea-434516-a5,factorial-cpp-00003-x6l,factorial-cpp,cloud_run_revision,INFO,8210ecad377f3dba,,2024-11-24T22:54:18.235586Z,projects/charismatic-tea-434516-a5/traces/121dd95b9613a1e945f7a63d9c8bcf99,true
0.004769923s,HTTP/1.1,20.109.61.178,GET,264,https://factorial-cpp-815005680514.europe-north1.run.app/,98,216.239.38.53,200,curl/7.81.0,6743ad9b000b4cbf960c158a,004940b3b86c18748e4dcc1cf1d6f98f0194ecd3aeb83714bf0b2e09712dec2f29cf336537fbcfac4f15571ce04d45bd033764d87ac086da621c5d67c9277eaed363f89bd7e0ec22402accb3d5,projects/charismatic-tea-434516-a5/logs/run.googleapis.com%2Frequests,,,,,,,,,,,,,,,,,,,,,,,,,,,,,,,,,,,,,,,,,,2024-11-24T22:50:03.742981801Z,factorial-cpp,europe-north1,charismatic-tea-434516-a5,factorial-cpp-00003-x6l,factorial-cpp,cloud_run_revision,INFO,50e679cad3fd3da0,,2024-11-24T22:50:03.729560Z,projects/charismatic-tea-434516-a5/traces/3a987dc25de5a05539fb49196a11a6b8,true
0.001365665s,HTTP/1.1,20.109.61.178,GET,265,https://factorial-cpp-815005680514.europe-north1.run.app/,98,216.239.32.53,200,curl/7.81.0,6743ac9b000d7402279efe0a,004940b3b86c18748e4dcc1cf1d6f98f0194ecd3aeb83714bf0b2e09712dec2f29cf336537fbcfac4f15571ce04d45bd033764d87ac086da621c5d67c9277eaed363f89bd7e0ec22402accb3d5,projects/charismatic-tea-434516-a5/logs/run.googleapis.com%2Frequests,,,,,,,,,,,,,,,,,,,,,,,,,,,,,,,,,,,,,,,,,,2024-11-24T22:45:47.886397104Z,factorial-cpp,europe-north1,charismatic-tea-434516-a5,factorial-cpp-00003-x6l,factorial-cpp,cloud_run_revision,INFO,3a0d1bba1393b109,,2024-11-24T22:45:47.873313Z,projects/charismatic-tea-434516-a5/traces/62af631c32aa1552670d2b5d281be70f,true
0.001434613s,HTTP/1.1,20.109.61.178,GET,264,https://factorial-cpp-815005680514.europe-north1.run.app/,98,216.239.32.53,200,curl/7.81.0,6743ab9c000be73014b1572a,004940b3b86c18748e4dcc1cf1d6f98f0194ecd3aeb83714bf0b2e09712dec2f29cf336537fbcfac4f15571ce04d45bd033764d87ac086da621c5d67c9277eaed363f89bd7e0ec22402accb3d5,projects/charismatic-tea-434516-a5/logs/run.googleapis.com%2Frequests,,,,,,,,,,,,,,,,,,,,,,,,,,,,,,,,,,,,,,,,,,2024-11-24T22:41:32.784254488Z,factorial-cpp,europe-north1,charismatic-tea-434516-a5,factorial-cpp-00003-x6l,factorial-cpp,cloud_run_revision,INFO,6702634678dedd56,,2024-11-24T22:41:32.771758Z,projects/charismatic-tea-434516-a5/traces/8202df67b87086a3a3f39ab7f747e7f3,true
0.003525426s,HTTP/1.1,20.109.61.178,GET,264,https://factorial-cpp-815005680514.europe-north1.run.app/,98,216.239.34.53,200,curl/7.81.0,6743aa9e000754398db26155,004940b3b86c18748e4dcc1cf1d6f98f0194ecd3aeb83714bf0b2e09712dec2f29cf336537fbcfac4f15571ce04d45bd033764d87ac086da621c5d67c9277eaed363f89bd7e0ec22402accb3d5,projects/charismatic-tea-434516-a5/logs/run.googleapis.com%2Frequests,,,,,,,,,,,,,,,,,,,,,,,,,,,,,,,,,,,,,,,,,,2024-11-24T22:37:18.484676550Z,factorial-cpp,europe-north1,charismatic-tea-434516-a5,factorial-cpp-00003-x6l,factorial-cpp,cloud_run_revision,INFO,06bb13dd25a54385,,2024-11-24T22:37:18.471041Z,projects/charismatic-tea-434516-a5/traces/f15f6770cc4d8dd3584ab5a522e34ba2,true
0.001461727s,HTTP/1.1,13.91.181.99,GET,264,https://factorial-cpp-815005680514.europe-north1.run.app/,98,216.239.36.53,200,curl/7.81.0,6743a3b1000225cd6ef8f1ba,004940b3b86c18748e4dcc1cf1d6f98f0194ecd3aeb83714bf0b2e09712dec2f29cf336537fbcfac4f15571ce04d45bd033764d87ac086da621c5d67c9277eaed363f89bd7e0ec22402accb3d5,projects/charismatic-tea-434516-a5/logs/run.googleapis.com%2Frequests,,,,,,,,,,,,,,,,,,,,,,,,,,,,,,,,,,,,,,,,,,2024-11-24T22:07:45.143947064Z,factorial-cpp,europe-north1,charismatic-tea-434516-a5,factorial-cpp-00003-x6l,factorial-cpp,cloud_run_revision,INFO,dbb117ec55a2abf7,,2024-11-24T22:07:45.130901Z,projects/charismatic-tea-434516-a5/traces/41a92d4303313605494b579d1e70f32b,true
0.001548476s,HTTP/1.1,13.91.181.99,GET,265,https://factorial-cpp-815005680514.europe-north1.run.app/,98,216.239.32.53,200,curl/7.81.0,6743a2b2000a7af9ecfc7125,004940b3b86c18748e4dcc1cf1d6f98f0194ecd3aeb83714bf0b2e09712dec2f29cf336537fbcfac4f15571ce04d45bd033764d87ac086da621c5d67c9277eaed363f89bd7e0ec22402accb3d5,projects/charismatic-tea-434516-a5/logs/run.googleapis.com%2Frequests,,,,,,,,,,,,,,,,,,,,,,,,,,,,,,,,,,,,,,,,,,2024-11-24T22:03:30.691908938Z,factorial-cpp,europe-north1,charismatic-tea-434516-a5,factorial-cpp-00003-x6l,factorial-cpp,cloud_run_revision,INFO,b4797b2e0fd7fd7a,,2024-11-24T22:03:30.677292Z,projects/charismatic-tea-434516-a5/traces/fc659013ad366076dc1eaddf63c85875,true
0.001441589s,HTTP/1.1,13.91.181.99,GET,265,https://factorial-cpp-815005680514.europe-north1.run.app/,98,216.239.32.53,200,curl/7.81.0,6743a1b10003d392b0d09191,004940b3b86c18748e4dcc1cf1d6f98f0194ecd3aeb83714bf0b2e09712dec2f29cf336537fbcfac4f15571ce04d45bd033764d87ac086da621c5d67c9277eaed363f89bd7e0ec22402accb3d5,projects/charismatic-tea-434516-a5/logs/run.googleapis.com%2Frequests,,,,,,,,,,,,,,,,,,,,,,,,,,,,,,,,,,,,,,,,,,2024-11-24T21:59:13.254580342Z,factorial-cpp,europe-north1,charismatic-tea-434516-a5,factorial-cpp-00003-x6l,factorial-cpp,cloud_run_revision,INFO,ee28cfaa9d9d9f5f,,2024-11-24T21:59:13.242132Z,projects/charismatic-tea-434516-a5/traces/52a447f1f5b8962b8dc4f1f9abc239dd,true
0.001458006s,HTTP/1.1,13.91.181.99,GET,265,https://factorial-cpp-815005680514.europe-north1.run.app/,98,216.239.34.53,200,curl/7.81.0,6743a0b10006ae17597b4771,004940b3b86c18748e4dcc1cf1d6f98f0194ecd3aeb83714bf0b2e09712dec2f29cf336537fbcfac4f15571ce04d45bd033764d87ac086da621c5d67c9277eaed363f89bd7e0ec22402accb3d5,projects/charismatic-tea-434516-a5/logs/run.googleapis.com%2Frequests,,,,,,,,,,,,,,,,,,,,,,,,,,,,,,,,,,,,,,,,,,2024-11-24T21:54:57.440581729Z,factorial-cpp,europe-north1,charismatic-tea-434516-a5,factorial-cpp-00003-x6l,factorial-cpp,cloud_run_revision,INFO,0e9ee0581c5e2c80,,2024-11-24T21:54:57.429573Z,projects/charismatic-tea-434516-a5/traces/b4546c5530beed02a373311802057ef1,true
0.001481209s,HTTP/1.1,13.91.181.99,GET,264,https://factorial-cpp-815005680514.europe-north1.run.app/,98,216.239.34.53,200,curl/7.81.0,67439fb10005ce6b1abd07cd,004940b3b86c18748e4dcc1cf1d6f98f0194ecd3aeb83714bf0b2e09712dec2f29cf336537fbcfac4f15571ce04d45bd033764d87ac086da621c5d67c9277eaed363f89bd7e0ec22402accb3d5,projects/charismatic-tea-434516-a5/logs/run.googleapis.com%2Frequests,,,,,,,,,,,,,,,,,,,,,,,,,,,,,,,,,,,,,,,,,,2024-11-24T21:50:41.383725239Z,factorial-cpp,europe-north1,charismatic-tea-434516-a5,factorial-cpp-00003-x6l,factorial-cpp,cloud_run_revision,INFO,bdc53585a99c86e9,,2024-11-24T21:50:41.373232Z,projects/charismatic-tea-434516-a5/traces/0f384a5e7ec20ee01befcebd6642224d,true
0.001439656s,HTTP/1.1,13.91.181.99,GET,265,https://factorial-cpp-815005680514.europe-north1.run.app/,98,216.239.38.53,200,curl/7.81.0,67439eb0000cb9ea4be3f449,004940b3b86c18748e4dcc1cf1d6f98f0194ecd3aeb83714bf0b2e09712dec2f29cf336537fbcfac4f15571ce04d45bd033764d87ac086da621c5d67c9277eaed363f89bd7e0ec22402accb3d5,projects/charismatic-tea-434516-a5/logs/run.googleapis.com%2Frequests,,,,,,,,,,,,,,,,,,,,,,,,,,,,,,,,,,,,,,,,,,2024-11-24T21:46:24.837798787Z,factorial-cpp,europe-north1,charismatic-tea-434516-a5,factorial-cpp-00003-x6l,factorial-cpp,cloud_run_revision,INFO,b59902349aa32fbe,,2024-11-24T21:46:24.824752Z,projects/charismatic-tea-434516-a5/traces/fc4082665a5faee814dca701e0451c5a,true
0.001355713s,HTTP/1.1,13.91.181.99,GET,264,https://factorial-cpp-815005680514.europe-north1.run.app/,98,216.239.36.53,200,curl/7.81.0,67439db10001ef7b1dce99c6,004940b3b86c18748e4dcc1cf1d6f98f0194ecd3aeb83714bf0b2e09712dec2f29cf336537fbcfac4f15571ce04d45bd033764d87ac086da621c5d67c9277eaed363f89bd7e0ec22402accb3d5,projects/charismatic-tea-434516-a5/logs/run.googleapis.com%2Frequests,,,,,,,,,,,,,,,,,,,,,,,,,,,,,,,,,,,,,,,,,,2024-11-24T21:42:09.128446583Z,factorial-cpp,europe-north1,charismatic-tea-434516-a5,factorial-cpp-00003-x6l,factorial-cpp,cloud_run_revision,INFO,fdc077f3c5ba5051,,2024-11-24T21:42:09.117312Z,projects/charismatic-tea-434516-a5/traces/13f9ce57fe2024d33fdd0bb3fcb15742,true
0.001401717s,HTTP/1.1,13.91.181.99,GET,264,https://factorial-cpp-815005680514.europe-north1.run.app/,98,216.239.36.53,200,curl/7.81.0,67439cb10001579b64985704,004940b3b86c18748e4dcc1cf1d6f98f0194ecd3aeb83714bf0b2e09712dec2f29cf336537fbcfac4f15571ce04d45bd033764d87ac086da621c5d67c9277eaed363f89bd7e0ec22402accb3d5,projects/charismatic-tea-434516-a5/logs/run.googleapis.com%2Frequests,,,,,,,,,,,,,,,,,,,,,,,,,,,,,,,,,,,,,,,,,,2024-11-24T21:37:53.091149696Z,factorial-cpp,europe-north1,charismatic-tea-434516-a5,factorial-cpp-00003-x6l,factorial-cpp,cloud_run_revision,INFO,e28e34646d764766,,2024-11-24T21:37:53.080125Z,projects/charismatic-tea-434516-a5/traces/fca99618c1f0c9c617f9bc32ab725fec,true
0.001434853s,HTTP/1.1,13.91.181.99,GET,265,https://factorial-cpp-815005680514.europe-north1.run.app/,98,216.239.32.53,200,curl/7.81.0,67439bb100074ebab2d65738,004940b3b86c18748e4dcc1cf1d6f98f0194ecd3aeb83714bf0b2e09712dec2f29cf336537fbcfac4f15571ce04d45bd033764d87ac086da621c5d67c9277eaed363f89bd7e0ec22402accb3d5,projects/charismatic-tea-434516-a5/logs/run.googleapis.com%2Frequests,,,,,,,,,,,,,,,,,,,,,,,,,,,,,,,,,,,,,,,,,,2024-11-24T21:33:37.481576433Z,factorial-cpp,europe-north1,charismatic-tea-434516-a5,factorial-cpp-00003-x6l,factorial-cpp,cloud_run_revision,INFO,466149ea0abc9b4e,,2024-11-24T21:33:37.471831Z,projects/charismatic-tea-434516-a5/traces/144ae826d4430d5575cf6abc3bc1d9d5,true
0.001596504s,HTTP/1.1,13.91.181.99,GET,264,https://factorial-cpp-815005680514.europe-north1.run.app/,98,216.239.34.53,200,curl/7.81.0,67439ab0000eb0fbaefd8cee,004940b3b86c18748e4dcc1cf1d6f98f0194ecd3aeb83714bf0b2e09712dec2f29cf336537fbcfac4f15571ce04d45bd033764d87ac086da621c5d67c9277eaed363f89bd7e0ec22402accb3d5,projects/charismatic-tea-434516-a5/logs/run.googleapis.com%2Frequests,,,,,,,,,,,,,,,,,,,,,,,,,,,,,,,,,,,,,,,,,,2024-11-24T21:29:20.967685689Z,factorial-cpp,europe-north1,charismatic-tea-434516-a5,factorial-cpp-00003-x6l,factorial-cpp,cloud_run_revision,INFO,774c0253b191c18a,,2024-11-24T21:29:20.955648Z,projects/charismatic-tea-434516-a5/traces/5b3cdfcaa88ec7ed99fae02f40501394,true
0.001666650s,HTTP/1.1,52.159.141.234,GET,264,https://factorial-cpp-815005680514.europe-north1.run.app/,98,216.239.34.53,200,curl/7.81.0,674396860006b33160460568,004940b3b86c18748e4dcc1cf1d6f98f0194ecd3aeb83714bf0b2e09712dec2f29cf336537fbcfac4f15571ce04d45bd033764d87ac086da621c5d67c9277eaed363f89bd7e0ec22402accb3d5,projects/charismatic-tea-434516-a5/logs/run.googleapis.com%2Frequests,,,,,,,,,,,,,,,,,,,,,,,,,,,,,,,,,,,,,,,,,,2024-11-24T21:11:34.444176952Z,factorial-cpp,europe-north1,charismatic-tea-434516-a5,factorial-cpp-00003-x6l,factorial-cpp,cloud_run_revision,INFO,34cc4657af2290df,,2024-11-24T21:11:34.428600Z,projects/charismatic-tea-434516-a5/traces/dae133ab9919af2801f32756fe8c0198,true
0.003578164s,HTTP/1.1,52.159.141.234,GET,265,https://factorial-cpp-815005680514.europe-north1.run.app/,98,216.239.34.53,200,curl/7.81.0,67439588000cc4b29dccc818,004940b3b86c18748e4dcc1cf1d6f98f0194ecd3aeb83714bf0b2e09712dec2f29cf336537fbcfac4f15571ce04d45bd033764d87ac086da621c5d67c9277eaed363f89bd7e0ec22402accb3d5,projects/charismatic-tea-434516-a5/logs/run.googleapis.com%2Frequests,,,,,,,,,,,,,,,,,,,,,,,,,,,,,,,,,,,,,,,,,,2024-11-24T21:07:20.841312898Z,factorial-cpp,europe-north1,charismatic-tea-434516-a5,factorial-cpp-00003-x6l,factorial-cpp,cloud_run_revision,INFO,05cfbac5f1ab3081,,2024-11-24T21:07:20.825471Z,projects/charismatic-tea-434516-a5/traces/139762b0745d5f2f0c1cf4a97018e34a,true
0.006941052s,HTTP/1.1,52.159.141.234,GET,265,https://factorial-cpp-815005680514.europe-north1.run.app/,98,216.239.32.53,200,curl/7.81.0,67439488000e5da790803664,004940b3b86c18748e4dcc1cf1d6f98f0194ecd3aeb83714bf0b2e09712dec2f29cf336537fbcfac4f15571ce04d45bd033764d87ac086da621c5d67c9277eaed363f89bd7e0ec22402accb3d5,projects/charismatic-tea-434516-a5/logs/run.googleapis.com%2Frequests,,,,,,,,,,,,,,,,,,,,,,,,,,,,,,,,,,,,,,,,,,2024-11-24T21:03:04.945120199Z,factorial-cpp,europe-north1,charismatic-tea-434516-a5,factorial-cpp-00003-x6l,factorial-cpp,cloud_run_revision,INFO,84cc06d58eaaf5c2,,2024-11-24T21:03:04.919317Z,projects/charismatic-tea-434516-a5/traces/f68e1680eca94777fd3a07bbd3f043f6,true
0.001509628s,HTTP/1.1,52.159.141.234,GET,264,https://factorial-cpp-815005680514.europe-north1.run.app/,98,216.239.34.53,200,curl/7.81.0,67439385000c4a27b01d8b9a,004940b3b86c18748e4dcc1cf1d6f98f0194ecd3aeb83714bf0b2e09712dec2f29cf336537fbcfac4f15571ce04d45bd033764d87ac086da621c5d67c9277eaed363f89bd7e0ec22402accb3d5,projects/charismatic-tea-434516-a5/logs/run.googleapis.com%2Frequests,,,,,,,,,,,,,,,,,,,,,,,,,,,,,,,,,,,,,,,,,,2024-11-24T20:58:45.808246103Z,factorial-cpp,europe-north1,charismatic-tea-434516-a5,factorial-cpp-00003-x6l,factorial-cpp,cloud_run_revision,INFO,ab2341e086568880,,2024-11-24T20:58:45.798243Z,projects/charismatic-tea-434516-a5/traces/301ae303029943c21dbeb13987849c58,true
0.011587479s,HTTP/1.1,52.159.141.234,GET,265,https://factorial-cpp-815005680514.europe-north1.run.app/,98,216.239.36.53,200,curl/7.81.0,67439284000354ddaa388913,004940b3b86c18748e4dcc1cf1d6f98f0194ecd3aeb83714bf0b2e09712dec2f29cf336537fbcfac4f15571ce04d45bd033764d87ac086da621c5d67c9277eaed363f89bd7e0ec22402accb3d5,projects/charismatic-tea-434516-a5/logs/run.googleapis.com%2Frequests,,,,,,,,,,,,,,,,,,,,,,,,,,,,,,,,,,,,,,,,,,2024-11-24T20:54:28.223794927Z,factorial-cpp,europe-north1,charismatic-tea-434516-a5,factorial-cpp-00003-x6l,factorial-cpp,cloud_run_revision,INFO,53c298eee8e284da,,2024-11-24T20:54:28.200059Z,projects/charismatic-tea-434516-a5/traces/650e124caa4fa4e8a8c2fcbb3c02d9f4,true
0.001676986s,HTTP/1.1,52.159.141.234,GET,264,https://factorial-cpp-815005680514.europe-north1.run.app/,98,216.239.34.53,200,curl/7.81.0,674391830001ca9268accdb3,004940b3b86c18748e4dcc1cf1d6f98f0194ecd3aeb83714bf0b2e09712dec2f29cf336537fbcfac4f15571ce04d45bd033764d87ac086da621c5d67c9277eaed363f89bd7e0ec22402accb3d5,projects/charismatic-tea-434516-a5/logs/run.googleapis.com%2Frequests,,,,,,,,,,,,,,,,,,,,,,,,,,,,,,,,,,,,,,,,,,2024-11-24T20:50:11.121439710Z,factorial-cpp,europe-north1,charismatic-tea-434516-a5,factorial-cpp-00003-x6l,factorial-cpp,cloud_run_revision,INFO,8afe2092d56bc147,,2024-11-24T20:50:11.106818Z,projects/charismatic-tea-434516-a5/traces/42b56664f56f3467df21645273aa03c2,true
0.001729617s,HTTP/1.1,52.159.141.234,GET,265,https://factorial-cpp-815005680514.europe-north1.run.app/,98,216.239.32.53,200,curl/7.81.0,67439081000eeb01b65bad2f,004940b3b86c18748e4dcc1cf1d6f98f0194ecd3aeb83714bf0b2e09712dec2f29cf336537fbcfac4f15571ce04d45bd033764d87ac086da621c5d67c9277eaed363f89bd7e0ec22402accb3d5,projects/charismatic-tea-434516-a5/logs/run.googleapis.com%2Frequests,,,,,,,,,,,,,,,,,,,,,,,,,,,,,,,,,,,,,,,,,,2024-11-24T20:45:53.981582139Z,factorial-cpp,europe-north1,charismatic-tea-434516-a5,factorial-cpp-00003-x6l,factorial-cpp,cloud_run_revision,INFO,0621cdca10b873ba,,2024-11-24T20:45:53.967281Z,projects/charismatic-tea-434516-a5/traces/dff75aeafb82ed60411537a1d9e6c017,true
0.002034284s,HTTP/1.1,52.159.141.234,GET,265,https://factorial-cpp-815005680514.europe-north1.run.app/,98,216.239.32.53,200,curl/7.81.0,67438f82000a918f0e6362ca,004940b3b86c18748e4dcc1cf1d6f98f0194ecd3aeb83714bf0b2e09712dec2f29cf336537fbcfac4f15571ce04d45bd033764d87ac086da621c5d67c9277eaed363f89bd7e0ec22402accb3d5,projects/charismatic-tea-434516-a5/logs/run.googleapis.com%2Frequests,,,,,,,,,,,,,,,,,,,,,,,,,,,,,,,,,,,,,,,,,,2024-11-24T20:41:38.697684417Z,factorial-cpp,europe-north1,charismatic-tea-434516-a5,factorial-cpp-00003-x6l,factorial-cpp,cloud_run_revision,INFO,b4a4af2b7b0fc3cb,,2024-11-24T20:41:38.682186Z,projects/charismatic-tea-434516-a5/traces/c847d54f1905257033afcc1344fc6e2b,true
0.001745030s,HTTP/1.1,52.159.141.234,GET,262,https://factorial-cpp-815005680514.europe-north1.run.app/,98,216.239.36.53,200,curl/7.81.0,67438e8100081813c7343f18,004940b3b86c18748e4dcc1cf1d6f98f0194ecd3aeb83714bf0b2e09712dec2f29cf336537fbcfac4f15571ce04d45bd033764d87ac086da621c5d67c9277eaed363f89bd7e0ec22402accb3d5,projects/charismatic-tea-434516-a5/logs/run.googleapis.com%2Frequests,,,,,,,,,,,,,,,,,,,,,,,,,,,,,,,,,,,,,,,,,,2024-11-24T20:37:21.535856058Z,factorial-cpp,europe-north1,charismatic-tea-434516-a5,factorial-cpp-00003-x6l,factorial-cpp,cloud_run_revision,INFO,7d4302dcc4daf2c3,,2024-11-24T20:37:21.522653Z,projects/charismatic-tea-434516-a5/traces/6390ba6eb52eaa5905dc10df65c99c77,true
0.001948351s,HTTP/1.1,52.159.141.234,GET,264,https://factorial-cpp-815005680514.europe-north1.run.app/,98,216.239.32.53,200,curl/7.81.0,67438d7f00080245471bc9b1,004940b3b86c18748e4dcc1cf1d6f98f0194ecd3aeb83714bf0b2e09712dec2f29cf336537fbcfac4f15571ce04d45bd033764d87ac086da621c5d67c9277eaed363f89bd7e0ec22402accb3d5,projects/charismatic-tea-434516-a5/logs/run.googleapis.com%2Frequests,,,,,,,,,,,,,,,,,,,,,,,,,,,,,,,,,,,,,,,,,,2024-11-24T20:33:03.527602518Z,factorial-cpp,europe-north1,charismatic-tea-434516-a5,factorial-cpp-00003-x6l,factorial-cpp,cloud_run_revision,INFO,3aa28a4df2c4a904,,2024-11-24T20:33:03.516137Z,projects/charismatic-tea-434516-a5/traces/fd6278d10967fe8039f6f09a2a9522cf,true
0.001323740s,HTTP/1.1,172.177.131.92,GET,265,https://factorial-cpp-815005680514.europe-north1.run.app/,98,216.239.36.53,200,curl/7.81.0,6743869d0004ad28be75a793,004940b3b86c18748e4dcc1cf1d6f98f0194ecd3aeb83714bf0b2e09712dec2f29cf336537fbcfac4f15571ce04d45bd033764d87ac086da621c5d67c9277eaed363f89bd7e0ec22402accb3d5,projects/charismatic-tea-434516-a5/logs/run.googleapis.com%2Frequests,,,,,,,,,,,,,,,,,,,,,,,,,,,,,,,,,,,,,,,,,,2024-11-24T20:03:41.308726442Z,factorial-cpp,europe-north1,charismatic-tea-434516-a5,factorial-cpp-00003-x6l,factorial-cpp,cloud_run_revision,INFO,322365dc77b61bf8,,2024-11-24T20:03:41.297277Z,projects/charismatic-tea-434516-a5/traces/efb7d94a309e0d0908d985255490ed71,true
0.002052246s,HTTP/1.1,172.177.131.92,GET,264,https://factorial-cpp-815005680514.europe-north1.run.app/,98,216.239.34.53,200,curl/7.81.0,6743859d000c1b1d7ef43faf,004940b3b86c18748e4dcc1cf1d6f98f0194ecd3aeb83714bf0b2e09712dec2f29cf336537fbcfac4f15571ce04d45bd033764d87ac086da621c5d67c9277eaed363f89bd7e0ec22402accb3d5,projects/charismatic-tea-434516-a5/logs/run.googleapis.com%2Frequests,,,,,,,,,,,,,,,,,,,,,,,,,,,,,,,,,,,,,,,,,,2024-11-24T19:59:25.797413157Z,factorial-cpp,europe-north1,charismatic-tea-434516-a5,factorial-cpp-00003-x6l,factorial-cpp,cloud_run_revision,INFO,6c5922b97b1e4f01,,2024-11-24T19:59:25.785552Z,projects/charismatic-tea-434516-a5/traces/6bd25b3b2919bc12e5980d0f46bcf145,true
0.001943838s,HTTP/1.1,172.177.131.92,GET,264,https://factorial-cpp-815005680514.europe-north1.run.app/,98,216.239.34.53,200,curl/7.81.0,6743849c000b3ac31600a933,004940b3b86c18748e4dcc1cf1d6f98f0194ecd3aeb83714bf0b2e09712dec2f29cf336537fbcfac4f15571ce04d45bd033764d87ac086da621c5d67c9277eaed363f89bd7e0ec22402accb3d5,projects/charismatic-tea-434516-a5/logs/run.googleapis.com%2Frequests,,,,,,,,,,,,,,,,,,,,,,,,,,,,,,,,,,,,,,,,,,2024-11-24T19:55:08.738963505Z,factorial-cpp,europe-north1,charismatic-tea-434516-a5,factorial-cpp-00003-x6l,factorial-cpp,cloud_run_revision,INFO,9c04ec047272c31d,,2024-11-24T19:55:08.727776Z,projects/charismatic-tea-434516-a5/traces/7da477382085c5be76386c05649bf704,true
0.001419023s,HTTP/1.1,172.177.131.92,GET,265,https://factorial-cpp-815005680514.europe-north1.run.app/,98,216.239.38.53,200,curl/7.81.0,6743839c000d821ea9579d98,004940b3b86c18748e4dcc1cf1d6f98f0194ecd3aeb83714bf0b2e09712dec2f29cf336537fbcfac4f15571ce04d45bd033764d87ac086da621c5d67c9277eaed363f89bd7e0ec22402accb3d5,projects/charismatic-tea-434516-a5/logs/run.googleapis.com%2Frequests,,,,,,,,,,,,,,,,,,,,,,,,,,,,,,,,,,,,,,,,,,2024-11-24T19:50:52.888136293Z,factorial-cpp,europe-north1,charismatic-tea-434516-a5,factorial-cpp-00003-x6l,factorial-cpp,cloud_run_revision,INFO,0cd6860e48c27444,,2024-11-24T19:50:52.877327Z,projects/charismatic-tea-434516-a5/traces/242a6bb71d7758059737ce4e54f47d7e,true
0.001474937s,HTTP/1.1,172.177.131.92,GET,264,https://factorial-cpp-815005680514.europe-north1.run.app/,98,216.239.36.53,200,curl/7.81.0,6743829b000e708196b0d235,004940b3b86c18748e4dcc1cf1d6f98f0194ecd3aeb83714bf0b2e09712dec2f29cf336537fbcfac4f15571ce04d45bd033764d87ac086da621c5d67c9277eaed363f89bd7e0ec22402accb3d5,projects/charismatic-tea-434516-a5/logs/run.googleapis.com%2Frequests,,,,,,,,,,,,,,,,,,,,,,,,,,,,,,,,,,,,,,,,,,2024-11-24T19:46:35.949895524Z,factorial-cpp,europe-north1,charismatic-tea-434516-a5,factorial-cpp-00003-x6l,factorial-cpp,cloud_run_revision,INFO,20e45926a301ba28,,2024-11-24T19:46:35.937827Z,projects/charismatic-tea-434516-a5/traces/003afd84279c9a41fb5150c648d32810,true
0.001632609s,HTTP/1.1,172.177.131.92,GET,264,https://factorial-cpp-815005680514.europe-north1.run.app/,98,216.239.36.53,200,curl/7.81.0,6743819d0000487bebb0c4de,004940b3b86c18748e4dcc1cf1d6f98f0194ecd3aeb83714bf0b2e09712dec2f29cf336537fbcfac4f15571ce04d45bd033764d87ac086da621c5d67c9277eaed363f89bd7e0ec22402accb3d5,projects/charismatic-tea-434516-a5/logs/run.googleapis.com%2Frequests,,,,,,,,,,,,,,,,,,,,,,,,,,,,,,,,,,,,,,,,,,2024-11-24T19:42:21.021805906Z,factorial-cpp,europe-north1,charismatic-tea-434516-a5,factorial-cpp-00003-x6l,factorial-cpp,cloud_run_revision,INFO,62587823ec66eef8,,2024-11-24T19:42:21.010039Z,projects/charismatic-tea-434516-a5/traces/175720e1e35a6f0066dbca4974078f93,true
0.001509573s,HTTP/1.1,172.177.131.92,GET,264,https://factorial-cpp-815005680514.europe-north1.run.app/,98,216.239.32.53,200,curl/7.81.0,6743809e000000c8a42e717a,004940b3b86c18748e4dcc1cf1d6f98f0194ecd3aeb83714bf0b2e09712dec2f29cf336537fbcfac4f15571ce04d45bd033764d87ac086da621c5d67c9277eaed363f89bd7e0ec22402accb3d5,projects/charismatic-tea-434516-a5/logs/run.googleapis.com%2Frequests,,,,,,,,,,,,,,,,,,,,,,,,,,,,,,,,,,,,,,,,,,2024-11-24T19:38:06.003029029Z,factorial-cpp,europe-north1,charismatic-tea-434516-a5,factorial-cpp-00003-x6l,factorial-cpp,cloud_run_revision,INFO,4c218d2cb0638b34,,2024-11-24T19:38:05.992567Z,projects/charismatic-tea-434516-a5/traces/85d018d7061add8474717661cd9d564b,true
0.001532865s,HTTP/1.1,172.177.131.92,GET,265,https://factorial-cpp-815005680514.europe-north1.run.app/,98,216.239.38.53,200,curl/7.81.0,67437f9f000690062bac3a2d,004940b3b86c18748e4dcc1cf1d6f98f0194ecd3aeb83714bf0b2e09712dec2f29cf336537fbcfac4f15571ce04d45bd033764d87ac086da621c5d67c9277eaed363f89bd7e0ec22402accb3d5,projects/charismatic-tea-434516-a5/logs/run.googleapis.com%2Frequests,,,,,,,,,,,,,,,,,,,,,,,,,,,,,,,,,,,,,,,,,,2024-11-24T19:33:51.435084396Z,factorial-cpp,europe-north1,charismatic-tea-434516-a5,factorial-cpp-00003-x6l,factorial-cpp,cloud_run_revision,INFO,8ba263e387e6fe09,,2024-11-24T19:33:51.420658Z,projects/charismatic-tea-434516-a5/traces/377175c3589a5e70ef0d59c42d1be387,true
0.001411913s,HTTP/1.1,172.177.131.92,GET,265,https://factorial-cpp-815005680514.europe-north1.run.app/,98,216.239.32.53,200,curl/7.81.0,67437ea10000ad1c8fc67364,004940b3b86c18748e4dcc1cf1d6f98f0194ecd3aeb83714bf0b2e09712dec2f29cf336537fbcfac4f15571ce04d45bd033764d87ac086da621c5d67c9277eaed363f89bd7e0ec22402accb3d5,projects/charismatic-tea-434516-a5/logs/run.googleapis.com%2Frequests,,,,,,,,,,,,,,,,,,,,,,,,,,,,,,,,,,,,,,,,,,2024-11-24T19:29:37.046767154Z,factorial-cpp,europe-north1,charismatic-tea-434516-a5,factorial-cpp-00003-x6l,factorial-cpp,cloud_run_revision,INFO,941b1a1c26774a84,,2024-11-24T19:29:37.035890Z,projects/charismatic-tea-434516-a5/traces/027ea229a7fb2412d1df50e7916681c5,true
0.007606832s,HTTP/1.1,172.177.131.92,GET,264,https://factorial-cpp-815005680514.europe-north1.run.app/,98,216.239.34.53,200,curl/7.81.0,67437da10000e39e7cdcac7e,004940b3b86c18748e4dcc1cf1d6f98f0194ecd3aeb83714bf0b2e09712dec2f29cf336537fbcfac4f15571ce04d45bd033764d87ac086da621c5d67c9277eaed363f89bd7e0ec22402accb3d5,projects/charismatic-tea-434516-a5/logs/run.googleapis.com%2Frequests,,,,,,,,,,,,,,,,,,,,,,,,,,,,,,,,,,,,,,,,,,2024-11-24T19:25:21.061886146Z,factorial-cpp,europe-north1,charismatic-tea-434516-a5,factorial-cpp-00003-x6l,factorial-cpp,cloud_run_revision,INFO,9ab0aa089e33eca2,,2024-11-24T19:25:21.041603Z,projects/charismatic-tea-434516-a5/traces/c58dd1a71a0ca0e2f3be474172346e83,true
0.001693529s,HTTP/1.1,20.109.87.20,GET,265,https://factorial-cpp-815005680514.europe-north1.run.app/,98,216.239.38.53,200,curl/7.81.0,67437c9a000169e056226df7,004940b3b86c18748e4dcc1cf1d6f98f0194ecd3aeb83714bf0b2e09712dec2f29cf336537fbcfac4f15571ce04d45bd033764d87ac086da621c5d67c9277eaed363f89bd7e0ec22402accb3d5,projects/charismatic-tea-434516-a5/logs/run.googleapis.com%2Frequests,,,,,,,,,,,,,,,,,,,,,,,,,,,,,,,,,,,,,,,,,,2024-11-24T19:20:58.095211466Z,factorial-cpp,europe-north1,charismatic-tea-434516-a5,factorial-cpp-00003-x6l,factorial-cpp,cloud_run_revision,INFO,709440d5c7ceb2f8,,2024-11-24T19:20:58.084441Z,projects/charismatic-tea-434516-a5/traces/551b039158d65bcd10f9cdc07a67bcb0,true
0.001428915s,HTTP/1.1,20.109.87.20,GET,265,https://factorial-cpp-815005680514.europe-north1.run.app/,98,216.239.38.53,200,curl/7.81.0,67437b9c0002abc563328e75,004940b3b86c18748e4dcc1cf1d6f98f0194ecd3aeb83714bf0b2e09712dec2f29cf336537fbcfac4f15571ce04d45bd033764d87ac086da621c5d67c9277eaed363f89bd7e0ec22402accb3d5,projects/charismatic-tea-434516-a5/logs/run.googleapis.com%2Frequests,,,,,,,,,,,,,,,,,,,,,,,,,,,,,,,,,,,,,,,,,,2024-11-24T19:16:44.177863543Z,factorial-cpp,europe-north1,charismatic-tea-434516-a5,factorial-cpp-00003-x6l,factorial-cpp,cloud_run_revision,INFO,8729ed86a8f36968,,2024-11-24T19:16:44.167890Z,projects/charismatic-tea-434516-a5/traces/2dd5c6eb7b5f49820a532583e2617688,true
0.001946650s,HTTP/1.1,20.109.87.20,GET,265,https://factorial-cpp-815005680514.europe-north1.run.app/,98,216.239.34.53,200,curl/7.81.0,67437a9d0002f968fcdd93aa,004940b3b86c18748e4dcc1cf1d6f98f0194ecd3aeb83714bf0b2e09712dec2f29cf336537fbcfac4f15571ce04d45bd033764d87ac086da621c5d67c9277eaed363f89bd7e0ec22402accb3d5,projects/charismatic-tea-434516-a5/logs/run.googleapis.com%2Frequests,,,,,,,,,,,,,,,,,,,,,,,,,,,,,,,,,,,,,,,,,,2024-11-24T19:12:29.197177939Z,factorial-cpp,europe-north1,charismatic-tea-434516-a5,factorial-cpp-00003-x6l,factorial-cpp,cloud_run_revision,INFO,3ede9bdc1b81b170,,2024-11-24T19:12:29.186056Z,projects/charismatic-tea-434516-a5/traces/e2ac4fb3b757c33c53adf73090ccba3a,true
0.001600948s,HTTP/1.1,20.109.87.20,GET,265,https://factorial-cpp-815005680514.europe-north1.run.app/,98,216.239.36.53,200,curl/7.81.0,6743799d0005df2c4995b4c7,004940b3b86c18748e4dcc1cf1d6f98f0194ecd3aeb83714bf0b2e09712dec2f29cf336537fbcfac4f15571ce04d45bd033764d87ac086da621c5d67c9277eaed363f89bd7e0ec22402accb3d5,projects/charismatic-tea-434516-a5/logs/run.googleapis.com%2Frequests,,,,,,,,,,,,,,,,,,,,,,,,,,,,,,,,,,,,,,,,,,2024-11-24T19:08:13.387530786Z,factorial-cpp,europe-north1,charismatic-tea-434516-a5,factorial-cpp-00003-x6l,factorial-cpp,cloud_run_revision,INFO,d80c9bbf6fe2fa35,,2024-11-24T19:08:13.376463Z,projects/charismatic-tea-434516-a5/traces/b50c5ad2cf9e1ac5139e68679ca4b49b,true
0.002035355s,HTTP/1.1,20.109.87.20,GET,265,https://factorial-cpp-815005680514.europe-north1.run.app/,98,216.239.32.53,200,curl/7.81.0,6743789d00078b6193085472,004940b3b86c18748e4dcc1cf1d6f98f0194ecd3aeb83714bf0b2e09712dec2f29cf336537fbcfac4f15571ce04d45bd033764d87ac086da621c5d67c9277eaed363f89bd7e0ec22402accb3d5,projects/charismatic-tea-434516-a5/logs/run.googleapis.com%2Frequests,,,,,,,,,,,,,,,,,,,,,,,,,,,,,,,,,,,,,,,,,,2024-11-24T19:03:57.498272199Z,factorial-cpp,europe-north1,charismatic-tea-434516-a5,factorial-cpp-00003-x6l,factorial-cpp,cloud_run_revision,INFO,491c3efb14d5577e,,2024-11-24T19:03:57.485221Z,projects/charismatic-tea-434516-a5/traces/f1f583782e0f34eba95bf106d33868fa,true
0.001515193s,HTTP/1.1,20.109.87.20,GET,264,https://factorial-cpp-815005680514.europe-north1.run.app/,98,216.239.36.53,200,curl/7.81.0,6743779e00056513b5416d2a,004940b3b86c18748e4dcc1cf1d6f98f0194ecd3aeb83714bf0b2e09712dec2f29cf336537fbcfac4f15571ce04d45bd033764d87ac086da621c5d67c9277eaed363f89bd7e0ec22402accb3d5,projects/charismatic-tea-434516-a5/logs/run.googleapis.com%2Frequests,,,,,,,,,,,,,,,,,,,,,,,,,,,,,,,,,,,,,,,,,,2024-11-24T18:59:42.357883342Z,factorial-cpp,europe-north1,charismatic-tea-434516-a5,factorial-cpp-00003-x6l,factorial-cpp,cloud_run_revision,INFO,67512fe66e0bdc0a,,2024-11-24T18:59:42.345996Z,projects/charismatic-tea-434516-a5/traces/4637b2c6634178964090d3c3556ea5ac,true
0.001239304s,HTTP/1.1,20.109.87.20,GET,264,https://factorial-cpp-815005680514.europe-north1.run.app/,98,216.239.32.53,200,curl/7.81.0,6743769f0005ccf82933ca53,004940b3b86c18748e4dcc1cf1d6f98f0194ecd3aeb83714bf0b2e09712dec2f29cf336537fbcfac4f15571ce04d45bd033764d87ac086da621c5d67c9277eaed363f89bd7e0ec22402accb3d5,projects/charismatic-tea-434516-a5/logs/run.googleapis.com%2Frequests,,,,,,,,,,,,,,,,,,,,,,,,,,,,,,,,,,,,,,,,,,2024-11-24T18:55:27.386023939Z,factorial-cpp,europe-north1,charismatic-tea-434516-a5,factorial-cpp-00003-x6l,factorial-cpp,cloud_run_revision,INFO,3b7b197bf2af6fff,,2024-11-24T18:55:27.373176Z,projects/charismatic-tea-434516-a5/traces/ff72b93bb206c5da69c63be36657156f,true
0.001883446s,HTTP/1.1,20.109.87.20,GET,264,https://factorial-cpp-815005680514.europe-north1.run.app/,98,216.239.34.53,200,curl/7.81.0,6743759d000b7d1d8d2da2c0,004940b3b86c18748e4dcc1cf1d6f98f0194ecd3aeb83714bf0b2e09712dec2f29cf336537fbcfac4f15571ce04d45bd033764d87ac086da621c5d67c9277eaed363f89bd7e0ec22402accb3d5,projects/charismatic-tea-434516-a5/logs/run.googleapis.com%2Frequests,,,,,,,,,,,,,,,,,,,,,,,,,,,,,,,,,,,,,,,,,,2024-11-24T18:51:09.756960535Z,factorial-cpp,europe-north1,charismatic-tea-434516-a5,factorial-cpp-00003-x6l,factorial-cpp,cloud_run_revision,INFO,172b249bb6d76c0f,,2024-11-24T18:51:09.743189Z,projects/charismatic-tea-434516-a5/traces/60d924cb43aa55097eecafaeaadd7616,true
0.001563206s,HTTP/1.1,20.109.87.20,GET,264,https://factorial-cpp-815005680514.europe-north1.run.app/,98,216.239.38.53,200,curl/7.81.0,6743749e00079e231ed7b7d4,004940b3b86c18748e4dcc1cf1d6f98f0194ecd3aeb83714bf0b2e09712dec2f29cf336537fbcfac4f15571ce04d45bd033764d87ac086da621c5d67c9277eaed363f89bd7e0ec22402accb3d5,projects/charismatic-tea-434516-a5/logs/run.googleapis.com%2Frequests,,,,,,,,,,,,,,,,,,,,,,,,,,,,,,,,,,,,,,,,,,2024-11-24T18:46:54.505748757Z,factorial-cpp,europe-north1,charismatic-tea-434516-a5,factorial-cpp-00003-x6l,factorial-cpp,cloud_run_revision,INFO,df7d363a75c882e0,,2024-11-24T18:46:54.491659Z,projects/charismatic-tea-434516-a5/traces/0f14f30e007a6c32a24418674a24456c,true
0.001647528s,HTTP/1.1,20.109.87.20,GET,264,https://factorial-cpp-815005680514.europe-north1.run.app/,98,216.239.32.53,200,curl/7.81.0,6743739f000038e54bd8d035,004940b3b86c18748e4dcc1cf1d6f98f0194ecd3aeb83714bf0b2e09712dec2f29cf336537fbcfac4f15571ce04d45bd033764d87ac086da621c5d67c9277eaed363f89bd7e0ec22402accb3d5,projects/charismatic-tea-434516-a5/logs/run.googleapis.com%2Frequests,,,,,,,,,,,,,,,,,,,,,,,,,,,,,,,,,,,,,,,,,,2024-11-24T18:42:39.019701963Z,factorial-cpp,europe-north1,charismatic-tea-434516-a5,factorial-cpp-00003-x6l,factorial-cpp,cloud_run_revision,INFO,f9af19eb2a09bc34,,2024-11-24T18:42:39.007232Z,projects/charismatic-tea-434516-a5/traces/da8ad5d8327b181d02abdf019e7c9bd4,true
0.001608120s,HTTP/1.1,168.61.75.130,GET,265,https://factorial-cpp-815005680514.europe-north1.run.app/,98,216.239.36.53,200,curl/7.81.0,67436c320007f37f61ffb0c3,004940b3b86c18748e4dcc1cf1d6f98f0194ecd3aeb83714bf0b2e09712dec2f29cf336537fbcfac4f15571ce04d45bd033764d87ac086da621c5d67c9277eaed363f89bd7e0ec22402accb3d5,projects/charismatic-tea-434516-a5/logs/run.googleapis.com%2Frequests,,,,,,,,,,,,,,,,,,,,,,,,,,,,,,,,,,,,,,,,,,2024-11-24T18:10:58.526029899Z,factorial-cpp,europe-north1,charismatic-tea-434516-a5,factorial-cpp-00003-x6l,factorial-cpp,cloud_run_revision,INFO,542252df5bab1e0e,,2024-11-24T18:10:58.513660Z,projects/charismatic-tea-434516-a5/traces/ecb533f9737281665bb56049fd74cef7,true
0.001413896s,HTTP/1.1,168.61.75.130,GET,264,https://factorial-cpp-815005680514.europe-north1.run.app/,98,216.239.38.53,200,curl/7.81.0,67436b3300086ef3ac14b0ee,004940b3b86c18748e4dcc1cf1d6f98f0194ecd3aeb83714bf0b2e09712dec2f29cf336537fbcfac4f15571ce04d45bd033764d87ac086da621c5d67c9277eaed363f89bd7e0ec22402accb3d5,projects/charismatic-tea-434516-a5/logs/run.googleapis.com%2Frequests,,,,,,,,,,,,,,,,,,,,,,,,,,,,,,,,,,,,,,,,,,2024-11-24T18:06:43.558544294Z,factorial-cpp,europe-north1,charismatic-tea-434516-a5,factorial-cpp-00003-x6l,factorial-cpp,cloud_run_revision,INFO,b62df6c57e83f0a7,,2024-11-24T18:06:43.542796Z,projects/charismatic-tea-434516-a5/traces/85b99d45d65eb6c0bee0cdfa7ba6e2b0,true
0.001313246s,HTTP/1.1,168.61.75.130,GET,265,https://factorial-cpp-815005680514.europe-north1.run.app/,98,216.239.36.53,200,curl/7.81.0,67436a34000da319b550ec1c,004940b3b86c18748e4dcc1cf1d6f98f0194ecd3aeb83714bf0b2e09712dec2f29cf336537fbcfac4f15571ce04d45bd033764d87ac086da621c5d67c9277eaed363f89bd7e0ec22402accb3d5,projects/charismatic-tea-434516-a5/logs/run.googleapis.com%2Frequests,,,,,,,,,,,,,,,,,,,,,,,,,,,,,,,,,,,,,,,,,,2024-11-24T18:02:28.896943157Z,factorial-cpp,europe-north1,charismatic-tea-434516-a5,factorial-cpp-00003-x6l,factorial-cpp,cloud_run_revision,INFO,3a86867cf9afd337,,2024-11-24T18:02:28.885929Z,projects/charismatic-tea-434516-a5/traces/2412f563c9f1a915925dc052aba9d323,true
0.001665512s,HTTP/1.1,168.61.75.130,GET,264,https://factorial-cpp-815005680514.europe-north1.run.app/,98,216.239.32.53,200,curl/7.81.0,6743693400047aa188de0092,004940b3b86c18748e4dcc1cf1d6f98f0194ecd3aeb83714bf0b2e09712dec2f29cf336537fbcfac4f15571ce04d45bd033764d87ac086da621c5d67c9277eaed363f89bd7e0ec22402accb3d5,projects/charismatic-tea-434516-a5/logs/run.googleapis.com%2Frequests,,,,,,,,,,,,,,,,,,,,,,,,,,,,,,,,,,,,,,,,,,2024-11-24T17:58:12.295619072Z,factorial-cpp,europe-north1,charismatic-tea-434516-a5,factorial-cpp-00003-x6l,factorial-cpp,cloud_run_revision,INFO,3bcd03f6abee199c,,2024-11-24T17:58:12.286139Z,projects/charismatic-tea-434516-a5/traces/c995729f259450710cc95bde1bbcc687,true
0.001626067s,HTTP/1.1,168.61.75.130,GET,263,https://factorial-cpp-815005680514.europe-north1.run.app/,98,216.239.36.53,200,curl/7.81.0,67436833000359d60c661f3d,004940b3b86c18748e4dcc1cf1d6f98f0194ecd3aeb83714bf0b2e09712dec2f29cf336537fbcfac4f15571ce04d45bd033764d87ac086da621c5d67c9277eaed363f89bd7e0ec22402accb3d5,projects/charismatic-tea-434516-a5/logs/run.googleapis.com%2Frequests,,,,,,,,,,,,,,,,,,,,,,,,,,,,,,,,,,,,,,,,,,2024-11-24T17:53:55.221824018Z,factorial-cpp,europe-north1,charismatic-tea-434516-a5,factorial-cpp-00003-x6l,factorial-cpp,cloud_run_revision,INFO,5ceb8564d07a0880,,2024-11-24T17:53:55.210864Z,projects/charismatic-tea-434516-a5/traces/ec3329d927b3975af7fca504908ac604,true
0.001344049s,HTTP/1.1,168.61.75.130,GET,264,https://factorial-cpp-815005680514.europe-north1.run.app/,98,216.239.34.53,200,curl/7.81.0,674367340003c8f22e89b442,004940b3b86c18748e4dcc1cf1d6f98f0194ecd3aeb83714bf0b2e09712dec2f29cf336537fbcfac4f15571ce04d45bd033764d87ac086da621c5d67c9277eaed363f89bd7e0ec22402accb3d5,projects/charismatic-tea-434516-a5/logs/run.googleapis.com%2Frequests,,,,,,,,,,,,,,,,,,,,,,,,,,,,,,,,,,,,,,,,,,2024-11-24T17:49:40.251716796Z,factorial-cpp,europe-north1,charismatic-tea-434516-a5,factorial-cpp-00003-x6l,factorial-cpp,cloud_run_revision,INFO,ed08fbef6a44172f,,2024-11-24T17:49:40.240520Z,projects/charismatic-tea-434516-a5/traces/3baae2db2ee1bf273930cb1cdaf61f18,true
0.002287644s,HTTP/1.1,168.61.75.130,GET,265,https://factorial-cpp-815005680514.europe-north1.run.app/,98,216.239.36.53,200,curl/7.81.0,67436631000b6abc106f697e,004940b3b86c18748e4dcc1cf1d6f98f0194ecd3aeb83714bf0b2e09712dec2f29cf336537fbcfac4f15571ce04d45bd033764d87ac086da621c5d67c9277eaed363f89bd7e0ec22402accb3d5,projects/charismatic-tea-434516-a5/logs/run.googleapis.com%2Frequests,,,,,,,,,,,,,,,,,,,,,,,,,,,,,,,,,,,,,,,,,,2024-11-24T17:45:21.750756167Z,factorial-cpp,europe-north1,charismatic-tea-434516-a5,factorial-cpp-00003-x6l,factorial-cpp,cloud_run_revision,INFO,3b948c2cea4bcffe,,2024-11-24T17:45:21.740187Z,projects/charismatic-tea-434516-a5/traces/aa139b389b4b4f52343655c126cfeab1,true
0.001752882s,HTTP/1.1,168.61.75.130,GET,264,https://factorial-cpp-815005680514.europe-north1.run.app/,98,216.239.36.53,200,curl/7.81.0,67436532000d46562b5e70a0,004940b3b86c18748e4dcc1cf1d6f98f0194ecd3aeb83714bf0b2e09712dec2f29cf336537fbcfac4f15571ce04d45bd033764d87ac086da621c5d67c9277eaed363f89bd7e0ec22402accb3d5,projects/charismatic-tea-434516-a5/logs/run.googleapis.com%2Frequests,,,,,,,,,,,,,,,,,,,,,,,,,,,,,,,,,,,,,,,,,,2024-11-24T17:41:06.874015554Z,factorial-cpp,europe-north1,charismatic-tea-434516-a5,factorial-cpp-00003-x6l,factorial-cpp,cloud_run_revision,INFO,9613166ca275993e,,2024-11-24T17:41:06.862276Z,projects/charismatic-tea-434516-a5/traces/42ef76580693bb209231654d56e7ab6b,true
0.001602209s,HTTP/1.1,168.61.75.130,GET,264,https://factorial-cpp-815005680514.europe-north1.run.app/,98,216.239.32.53,200,curl/7.81.0,67436432000ed2761fe5a615,004940b3b86c18748e4dcc1cf1d6f98f0194ecd3aeb83714bf0b2e09712dec2f29cf336537fbcfac4f15571ce04d45bd033764d87ac086da621c5d67c9277eaed363f89bd7e0ec22402accb3d5,projects/charismatic-tea-434516-a5/logs/run.googleapis.com%2Frequests,,,,,,,,,,,,,,,,,,,,,,,,,,,,,,,,,,,,,,,,,,2024-11-24T17:36:50.975511544Z,factorial-cpp,europe-north1,charismatic-tea-434516-a5,factorial-cpp-00003-x6l,factorial-cpp,cloud_run_revision,INFO,9f8c1b1d4022019a,,2024-11-24T17:36:50.964214Z,projects/charismatic-tea-434516-a5/traces/e9a745c0e6cd86195574becf04714b9d,true
0.002628555s,HTTP/1.1,168.61.75.130,GET,264,https://factorial-cpp-815005680514.europe-north1.run.app/,98,216.239.36.53,200,curl/7.81.0,67436330000e215779674e7b,004940b3b86c18748e4dcc1cf1d6f98f0194ecd3aeb83714bf0b2e09712dec2f29cf336537fbcfac4f15571ce04d45bd033764d87ac086da621c5d67c9277eaed363f89bd7e0ec22402accb3d5,projects/charismatic-tea-434516-a5/logs/run.googleapis.com%2Frequests,,,,,,,,,,,,,,,,,,,,,,,,,,,,,,,,,,,,,,,,,,2024-11-24T17:32:32.930489203Z,factorial-cpp,europe-north1,charismatic-tea-434516-a5,factorial-cpp-00003-x6l,factorial-cpp,cloud_run_revision,INFO,0468c4dd148bd607,,2024-11-24T17:32:32.912362Z,projects/charismatic-tea-434516-a5/traces/2af4198f92a49da77d9d289a0ab0cd23,true
0.001524498s,HTTP/1.1,4.236.151.134,GET,263,https://factorial-cpp-815005680514.europe-north1.run.app/,98,216.239.36.53,200,curl/7.81.0,67435adb000763af30aeac77,004940b3b86c18748e4dcc1cf1d6f98f0194ecd3aeb83714bf0b2e09712dec2f29cf336537fbcfac4f15571ce04d45bd033764d87ac086da621c5d67c9277eaed363f89bd7e0ec22402accb3d5,projects/charismatic-tea-434516-a5/logs/run.googleapis.com%2Frequests,,,,,,,,,,,,,,,,,,,,,,,,,,,,,,,,,,,,,,,,,,2024-11-24T16:56:59.486218355Z,factorial-cpp,europe-north1,charismatic-tea-434516-a5,factorial-cpp-00003-x6l,factorial-cpp,cloud_run_revision,INFO,424e46e75493ad26,,2024-11-24T16:56:59.475742Z,projects/charismatic-tea-434516-a5/traces/4be1e8f05957c4a9477acbec4951a51f,true
0.004681411s,HTTP/1.1,4.236.151.134,GET,264,https://factorial-cpp-815005680514.europe-north1.run.app/,98,216.239.34.53,200,curl/7.81.0,674359dc000b9f416a5fc942,004940b3b86c18748e4dcc1cf1d6f98f0194ecd3aeb83714bf0b2e09712dec2f29cf336537fbcfac4f15571ce04d45bd033764d87ac086da621c5d67c9277eaed363f89bd7e0ec22402accb3d5,projects/charismatic-tea-434516-a5/logs/run.googleapis.com%2Frequests,,,,,,,,,,,,,,,,,,,,,,,,,,,,,,,,,,,,,,,,,,2024-11-24T16:52:44.764295161Z,factorial-cpp,europe-north1,charismatic-tea-434516-a5,factorial-cpp-00003-x6l,factorial-cpp,cloud_run_revision,INFO,e270219cfdd7975e,,2024-11-24T16:52:44.750571Z,projects/charismatic-tea-434516-a5/traces/9322c5ca9b87f9044a683a0bc2813bac,true
0.001295279s,HTTP/1.1,4.236.151.134,GET,264,https://factorial-cpp-815005680514.europe-north1.run.app/,98,216.239.34.53,200,curl/7.81.0,674358df000128d9db01c112,004940b3b86c18748e4dcc1cf1d6f98f0194ecd3aeb83714bf0b2e09712dec2f29cf336537fbcfac4f15571ce04d45bd033764d87ac086da621c5d67c9277eaed363f89bd7e0ec22402accb3d5,projects/charismatic-tea-434516-a5/logs/run.googleapis.com%2Frequests,,,,,,,,,,,,,,,,,,,,,,,,,,,,,,,,,,,,,,,,,,2024-11-24T16:48:31.079822671Z,factorial-cpp,europe-north1,charismatic-tea-434516-a5,factorial-cpp-00003-x6l,factorial-cpp,cloud_run_revision,INFO,e3261b236498d103,,2024-11-24T16:48:31.067994Z,projects/charismatic-tea-434516-a5/traces/2c9394f566d160c79b2e516e8cc1c71f,true
0.001361685s,HTTP/1.1,4.236.151.134,GET,265,https://factorial-cpp-815005680514.europe-north1.run.app/,98,216.239.36.53,200,curl/7.81.0,674357dd00089907ded94f6b,004940b3b86c18748e4dcc1cf1d6f98f0194ecd3aeb83714bf0b2e09712dec2f29cf336537fbcfac4f15571ce04d45bd033764d87ac086da621c5d67c9277eaed363f89bd7e0ec22402accb3d5,projects/charismatic-tea-434516-a5/logs/run.googleapis.com%2Frequests,,,,,,,,,,,,,,,,,,,,,,,,,,,,,,,,,,,,,,,,,,2024-11-24T16:44:13.566624419Z,factorial-cpp,europe-north1,charismatic-tea-434516-a5,factorial-cpp-00003-x6l,factorial-cpp,cloud_run_revision,INFO,270b199346505631,,2024-11-24T16:44:13.555891Z,projects/charismatic-tea-434516-a5/traces/8df2ed83596726c0ebf525994591eccb,true
0.001488798s,HTTP/1.1,4.236.151.134,GET,264,https://factorial-cpp-815005680514.europe-north1.run.app/,98,216.239.36.53,200,curl/7.81.0,674356de000ae219d643c560,004940b3b86c18748e4dcc1cf1d6f98f0194ecd3aeb83714bf0b2e09712dec2f29cf336537fbcfac4f15571ce04d45bd033764d87ac086da621c5d67c9277eaed363f89bd7e0ec22402accb3d5,projects/charismatic-tea-434516-a5/logs/run.googleapis.com%2Frequests,,,,,,,,,,,,,,,,,,,,,,,,,,,,,,,,,,,,,,,,,,2024-11-24T16:39:58.717606888Z,factorial-cpp,europe-north1,charismatic-tea-434516-a5,factorial-cpp-00003-x6l,factorial-cpp,cloud_run_revision,INFO,cc84896cdcfbc504,,2024-11-24T16:39:58.705840Z,projects/charismatic-tea-434516-a5/traces/f53e0e6eb59af03da864bc3e8d2d04c1,true
0.001383518s,HTTP/1.1,4.236.151.134,GET,264,https://factorial-cpp-815005680514.europe-north1.run.app/,98,216.239.32.53,200,curl/7.81.0,674355df000743efd0f08731,004940b3b86c18748e4dcc1cf1d6f98f0194ecd3aeb83714bf0b2e09712dec2f29cf336537fbcfac4f15571ce04d45bd033764d87ac086da621c5d67c9277eaed363f89bd7e0ec22402accb3d5,projects/charismatic-tea-434516-a5/logs/run.googleapis.com%2Frequests,,,,,,,,,,,,,,,,,,,,,,,,,,,,,,,,,,,,,,,,,,2024-11-24T16:35:43.479868121Z,factorial-cpp,europe-north1,charismatic-tea-434516-a5,factorial-cpp-00003-x6l,factorial-cpp,cloud_run_revision,INFO,01c637340c79d97b,,2024-11-24T16:35:43.468294Z,projects/charismatic-tea-434516-a5/traces/79a7d41035cd99ae73f42635e1403005,true
0.001808283s,HTTP/1.1,4.236.151.134,GET,265,https://factorial-cpp-815005680514.europe-north1.run.app/,98,216.239.36.53,200,curl/7.81.0,674354de000836aa294e3e2c,004940b3b86c18748e4dcc1cf1d6f98f0194ecd3aeb83714bf0b2e09712dec2f29cf336537fbcfac4f15571ce04d45bd033764d87ac086da621c5d67c9277eaed363f89bd7e0ec22402accb3d5,projects/charismatic-tea-434516-a5/logs/run.googleapis.com%2Frequests,,,,,,,,,,,,,,,,,,,,,,,,,,,,,,,,,,,,,,,,,,2024-11-24T16:31:26.540029794Z,factorial-cpp,europe-north1,charismatic-tea-434516-a5,factorial-cpp-00003-x6l,factorial-cpp,cloud_run_revision,INFO,b66f90781811b76a,,2024-11-24T16:31:26.529836Z,projects/charismatic-tea-434516-a5/traces/a7ea474a6b2c6e23b02d63568d854e71,true
,,,,,,,,,,ujskgnd2t84,,projects/charismatic-tea-434516-a5/logs/cloudaudit.googleapis.com%2Fsystem_event,/Services.ReplaceService,namespaces/charismatic-tea-434516-a5/revisions/factorial-cpp-00003-x6l,type.googleapis.com/google.cloud.run.v1.Revision,serving.knative.dev/v1,Revision,1,1,cloud-console,gen2,5deee2a9-9171-4e0e-a08e-ed19cb72a3cd,true,saoirsenimhaolain@gmail.com,2024-11-24T16:27:45.103291Z,1,e8212948-f35a-43f6-919e-e44c1a8fb77b,europe-north1,Default,factorial-cpp,3,factorial-cpp,factorial-cpp,14a54c75-de0f-41fe-8144-4d9cbd2a5aa1,factorial-cpp-00003-x6l,815005680514,"[{""kind"":""Configuration"",""name"":""factorial-cpp"",""uid"":""59b6397c-f708-47c6-b128-204296d4d17d"",""apiVersion"":""serving.knative.dev/v1"",""controller"":true,""blockOwnerDeletion"":true}]",AAYnqxkCRgo,/apis/serving.knative.dev/v1/namespaces/815005680514/revisions/factorial-cpp-00003-x6l,3ec83314-4a48-45b6-90d4-7f10f3632f8c,80,"[{""name"":""factorial-cpp-1"",""image"":""gcr.io/charismatic-tea-434516-a5/factorial-cpp@sha256:eebf9cc105850b00ee99c41af67de4adaab64c3529cf16164b83aa50a55b1d2b"",""ports"":[{""name"":""http1"",""containerPort"":8080}],""resources"":{""limits"":{""cpu"":""1000m"",""memory"":""512Mi""}},""startupProbe"":{""timeoutSeconds"":240,""periodSeconds"":240,""failureThreshold"":1,""tcpSocket"":{""port"":8080}}}]",815005680514-compute@developer.gserviceaccount.com,300,"[{""type"":""Ready"",""status"":""True"",""lastTransitionTime"":""2024-11-24T16:27:52.734218Z""},{""type"":""ContainerHealthy"",""status"":""True"",""message"":""Container became healthy."",""lastTransitionTime"":""2024-11-24T16:27:51.522761Z""},{""type"":""ContainerReady"",""status"":""True"",""message"":""Container image import completed."",""lastTransitionTime"":""2024-11-24T16:27:46.815180Z""},{""type"":""MinInstancesProvisioned"",""status"":""True"",""lastTransitionTime"":""2024-11-24T16:27:52.692461Z""},{""type"":""ResourcesAvailable"",""status"":""True"",""message"":""Revision deployment finished in 2.539303s. Checking container health."",""lastTransitionTime"":""2024-11-24T16:27:49.350794Z""}]","[{""name"":""factorial-cpp-1"",""imageDigest"":""gcr.io/charismatic-tea-434516-a5/factorial-cpp@sha256:eebf9cc105850b00ee99c41af67de4adaab64c3529cf16164b83aa50a55b1d2b""}]",1,gcr.io/charismatic-tea-434516-a5/factorial-cpp@sha256:eebf9cc105850b00ee99c41af67de4adaab64c3529cf16164b83aa50a55b1d2b,https://console.cloud.google.com/logs/viewer?project=charismatic-tea-434516-a5&resource=cloud_run_revision/service_name/factorial-cpp/revision_name/factorial-cpp-00003-x6l&advancedFilter=resource.type%3D%22cloud_run_revision%22%0Aresource.labels.service_name%3D%22factorial-cpp%22%0Aresource.labels.revision_name%3D%22factorial-cpp-00003-x6l%22,1,run.googleapis.com,Ready condition status changed to True for Revision factorial-cpp-00003-x6l.,,2024-11-24T16:27:53.064273274Z,factorial-cpp,europe-north1,charismatic-tea-434516-a5,factorial-cpp-00003-x6l,factorial-cpp,cloud_run_revision,INFO,,,2024-11-24T16:27:52.745740Z,,
,,,,,,,,,,674354070007c6b4f215ee59,004940b3b86c18748e4dcc1cf1d6f98f0194ecd3aeb83714bf0b2e09712dec2f29cf336537fbcfac4f15571ce04d45bd033764d87ac086da621c5d67c9277eaed363f89bd7e0ec22402accb3d5,projects/charismatic-tea-434516-a5/logs/run.googleapis.com%2Fvarlog%2Fsystem,,,,,,,,,,,,,,,,,,,,,,,,,,,,,,,,,,,,,,,,,,2024-11-24T16:27:51.511475965Z,factorial-cpp,europe-north1,charismatic-tea-434516-a5,factorial-cpp-00003-x6l,factorial-cpp,cloud_run_revision,INFO,,"Default STARTUP TCP probe succeeded after 1 attempt for container ""factorial-cpp-1"" on port 8080.",2024-11-24T16:27:51.509620Z,,