httpRequest.latency,httpRequest.protocol,httpRequest.remoteIp,httpRequest.requestMethod,httpRequest.requestSize,httpRequest.requestUrl,httpRequest.responseSize,httpRequest.serverIp,httpRequest.status,httpRequest.userAgent,insertId,labels.instanceId,logName,receiveLocation,receiveTimestamp,resource.labels.configuration_name,resource.labels.location,resource.labels.project_id,resource.labels.revision_name,resource.labels.service_name,resource.type,severity,spanId,timestamp,trace,traceSampled
59.264960650s,HTTP/1.1,172.200.182.156,GET,262,https://fannkuch-cpp-815005680514.europe-north1.run.app/,120,216.239.34.53,200,curl/7.81.0,67442e2d00055145398369b8,004940b3b8a325c53ad9695411b912a7a0f2cd4b1aabfcf601736b6f31afd8570bd16d0b1e2726726b3db9ce4390f83287303a7069b12873bfb1a0f310c89ccc1d5bc2a67f839371907050f2,projects/charismatic-tea-434516-a5/logs/run.googleapis.com%2Frequests,,2024-11-25T07:58:37.352426814Z,fannkuch-cpp,europe-north1,charismatic-tea-434516-a5,fannkuch-cpp-00008-jkq,fannkuch-cpp,cloud_run_revision,INFO,10fe856900fe3a68,2024-11-25T07:57:38.071524Z,projects/charismatic-tea-434516-a5/traces/ec9ba3a3ec8cc85f435e5b5e9d273f5d,true
59.412136132s,HTTP/1.1,172.200.182.156,GET,262,https://fannkuch-cpp-815005680514.europe-north1.run.app/,120,216.239.36.53,200,curl/7.81.0,67442d2c0004d130ea50e67c,004940b3b8a325c53ad9695411b912a7a0f2cd4b1aabfcf601736b6f31afd8570bd16d0b1e2726726b3db9ce4390f83287303a7069b12873bfb1a0f310c89ccc1d5bc2a67f839371907050f2,projects/charismatic-tea-434516-a5/logs/run.googleapis.com%2Frequests,,2024-11-25T07:54:20.321570367Z,fannkuch-cpp,europe-north1,charismatic-tea-434516-a5,fannkuch-cpp-00008-jkq,fannkuch-cpp,cloud_run_revision,INFO,efa3879305da599d,2024-11-25T07:53:20.892042Z,projects/charismatic-tea-434516-a5/traces/a9dd3f50894d9803b9475c0e5352fcc9,true
58.927800891s,HTTP/1.1,172.200.182.156,GET,262,https://fannkuch-cpp-815005680514.europe-north1.run.app/,120,216.239.36.53,200,curl/7.81.0,67442c2a000642595982bb9d,004940b3b8a325c53ad9695411b912a7a0f2cd4b1aabfcf601736b6f31afd8570bd16d0b1e2726726b3db9ce4390f83287303a7069b12873bfb1a0f310c89ccc1d5bc2a67f839371907050f2,projects/charismatic-tea-434516-a5/logs/run.googleapis.com%2Frequests,,2024-11-25T07:50:02.413274783Z,fannkuch-cpp,europe-north1,charismatic-tea-434516-a5,fannkuch-cpp-00008-jkq,fannkuch-cpp,cloud_run_revision,INFO,b8941ed2edd3033a,2024-11-25T07:49:03.469113Z,projects/charismatic-tea-434516-a5/traces/2b580dbe16af11bedda929c0d33c64be,true
58.966849265s,HTTP/1.1,172.200.182.156,GET,262,https://fannkuch-cpp-815005680514.europe-north1.run.app/,120,216.239.34.53,200,curl/7.81.0,67442b2b0006edf9d9dcd63a,004940b3b8a325c53ad9695411b912a7a0f2cd4b1aabfcf601736b6f31afd8570bd16d0b1e2726726b3db9ce4390f83287303a7069b12873bfb1a0f310c89ccc1d5bc2a67f839371907050f2,projects/charismatic-tea-434516-a5/logs/run.googleapis.com%2Frequests,,2024-11-25T07:45:47.457560577Z,fannkuch-cpp,europe-north1,charismatic-tea-434516-a5,fannkuch-cpp-00008-jkq,fannkuch-cpp,cloud_run_revision,INFO,b27765f49c946854,2024-11-25T07:44:48.475545Z,projects/charismatic-tea-434516-a5/traces/964fde66482eb8411bc5d6cc10dde4d7,true
59.117366855s,HTTP/1.1,172.200.182.156,GET,263,https://fannkuch-cpp-815005680514.europe-north1.run.app/,120,216.239.32.53,200,curl/7.81.0,67442a2b00083b007814c2ba,004940b3b8a325c53ad9695411b912a7a0f2cd4b1aabfcf601736b6f31afd8570bd16d0b1e2726726b3db9ce4390f83287303a7069b12873bfb1a0f310c89ccc1d5bc2a67f839371907050f2,projects/charismatic-tea-434516-a5/logs/run.googleapis.com%2Frequests,,2024-11-25T07:41:31.543786934Z,fannkuch-cpp,europe-north1,charismatic-tea-434516-a5,fannkuch-cpp-00008-jkq,fannkuch-cpp,cloud_run_revision,INFO,65fe2b5db69b3385,2024-11-25T07:40:32.410024Z,projects/charismatic-tea-434516-a5/traces/c8bad53b5b3d91d85aa4d8320e065e77,true
58.709493320s,HTTP/1.1,172.200.182.156,GET,263,https://fannkuch-cpp-815005680514.europe-north1.run.app/,120,216.239.32.53,200,curl/7.81.0,6744292b0005fd9c271d88f1,004940b3b8a325c53ad9695411b912a7a0f2cd4b1aabfcf601736b6f31afd8570bd16d0b1e2726726b3db9ce4390f83287303a7069b12873bfb1a0f310c89ccc1d5bc2a67f839371907050f2,projects/charismatic-tea-434516-a5/logs/run.googleapis.com%2Frequests,,2024-11-25T07:37:15.395660393Z,fannkuch-cpp,europe-north1,charismatic-tea-434516-a5,fannkuch-cpp-00008-jkq,fannkuch-cpp,cloud_run_revision,INFO,2be930f81c3c334b,2024-11-25T07:36:16.671871Z,projects/charismatic-tea-434516-a5/traces/d732e17aa9399483e7ba7e85535152cf,true
59.094103606s,HTTP/1.1,172.200.182.156,GET,262,https://fannkuch-cpp-815005680514.europe-north1.run.app/,120,216.239.32.53,200,curl/7.81.0,6744282b0003768dbced3b9a,004940b3b8a325c53ad9695411b912a7a0f2cd4b1aabfcf601736b6f31afd8570bd16d0b1e2726726b3db9ce4390f83287303a7069b12873bfb1a0f310c89ccc1d5bc2a67f839371907050f2,projects/charismatic-tea-434516-a5/logs/run.googleapis.com%2Frequests,,2024-11-25T07:32:59.231364318Z,fannkuch-cpp,europe-north1,charismatic-tea-434516-a5,fannkuch-cpp-00008-jkq,fannkuch-cpp,cloud_run_revision,INFO,d3ef5e7e763dd71a,2024-11-25T07:32:00.121873Z,projects/charismatic-tea-434516-a5/traces/5036fafc7d152863d0c2f567b8351126,true
58.680451799s,HTTP/1.1,168.62.241.127,GET,263,https://fannkuch-cpp-815005680514.europe-north1.run.app/,120,216.239.38.53,200,curl/7.81.0,67442738000eb68675d58e6a,004940b3b8a325c53ad9695411b912a7a0f2cd4b1aabfcf601736b6f31afd8570bd16d0b1e2726726b3db9ce4390f83287303a7069b12873bfb1a0f310c89ccc1d5bc2a67f839371907050f2,projects/charismatic-tea-434516-a5/logs/run.googleapis.com%2Frequests,,2024-11-25T07:28:56.968317738Z,fannkuch-cpp,europe-north1,charismatic-tea-434516-a5,fannkuch-cpp-00008-jkq,fannkuch-cpp,cloud_run_revision,INFO,5c9a952bbeb20934,2024-11-25T07:27:58.272446Z,projects/charismatic-tea-434516-a5/traces/f4d95f4620ae6f5fae542d08d763e3a8,true
59.157378888s,HTTP/1.1,168.62.241.127,GET,263,https://fannkuch-cpp-815005680514.europe-north1.run.app/,120,216.239.38.53,200,curl/7.81.0,67442638000379e9267c2867,004940b3b8a325c53ad9695411b912a7a0f2cd4b1aabfcf601736b6f31afd8570bd16d0b1e2726726b3db9ce4390f83287303a7069b12873bfb1a0f310c89ccc1d5bc2a67f839371907050f2,projects/charismatic-tea-434516-a5/logs/run.googleapis.com%2Frequests,,2024-11-25T07:24:40.231907316Z,fannkuch-cpp,europe-north1,charismatic-tea-434516-a5,fannkuch-cpp-00008-jkq,fannkuch-cpp,cloud_run_revision,INFO,450deb02688d8cbf,2024-11-25T07:23:41.057543Z,projects/charismatic-tea-434516-a5/traces/29c8d9cc951d5b21674ef4fc547112e9,true
59.996262832s,HTTP/1.1,168.62.241.127,GET,263,https://fannkuch-cpp-815005680514.europe-north1.run.app/,120,216.239.34.53,200,curl/7.81.0,67442537000490d5781ce874,004940b3b8a325c53ad9695411b912a7a0f2cd4b1aabfcf601736b6f31afd8570bd16d0b1e2726726b3db9ce4390f83287303a7069b12873bfb1a0f310c89ccc1d5bc2a67f839371907050f2,projects/charismatic-tea-434516-a5/logs/run.googleapis.com%2Frequests,,2024-11-25T07:20:23.304402109Z,fannkuch-cpp,europe-north1,charismatic-tea-434516-a5,fannkuch-cpp-00008-jkq,fannkuch-cpp,cloud_run_revision,INFO,d55b4f638b7a5a01,2024-11-25T07:19:23.291760Z,projects/charismatic-tea-434516-a5/traces/35e5a7fff71e34c3313187e836ce6047,true
59.268694356s,HTTP/1.1,168.62.241.127,GET,263,https://fannkuch-cpp-815005680514.europe-north1.run.app/,120,216.239.34.53,200,curl/7.81.0,67442435000e9e8ebee419f6,004940b3b8a325c53ad9695411b912a7a0f2cd4b1aabfcf601736b6f31afd8570bd16d0b1e2726726b3db9ce4390f83287303a7069b12873bfb1a0f310c89ccc1d5bc2a67f839371907050f2,projects/charismatic-tea-434516-a5/logs/run.googleapis.com%2Frequests,,2024-11-25T07:16:05.963051052Z,fannkuch-cpp,europe-north1,charismatic-tea-434516-a5,fannkuch-cpp-00008-jkq,fannkuch-cpp,cloud_run_revision,INFO,41f05bb3aec5a451,2024-11-25T07:15:06.678450Z,projects/charismatic-tea-434516-a5/traces/89d8561c3ce98ec4eeae0bbdd5db95f7,true
59.180294258s,HTTP/1.1,168.62.241.127,GET,262,https://fannkuch-cpp-815005680514.europe-north1.run.app/,120,216.239.38.53,200,curl/7.81.0,674423360008243f3531d69e,004940b3b8a325c53ad9695411b912a7a0f2cd4b1aabfcf601736b6f31afd8570bd16d0b1e2726726b3db9ce4390f83287303a7069b12873bfb1a0f310c89ccc1d5bc2a67f839371907050f2,projects/charismatic-tea-434516-a5/logs/run.googleapis.com%2Frequests,,2024-11-25T07:11:50.536349992Z,fannkuch-cpp,europe-north1,charismatic-tea-434516-a5,fannkuch-cpp-00008-jkq,fannkuch-cpp,cloud_run_revision,INFO,935566a60c4b4f5c,2024-11-25T07:10:51.340333Z,projects/charismatic-tea-434516-a5/traces/33658bd7fecb8f6ab4846ddf8ed81897,true
58.862824606s,HTTP/1.1,168.62.241.127,GET,262,https://fannkuch-cpp-815005680514.europe-north1.run.app/,120,216.239.32.53,200,curl/7.81.0,67442235000738a02486aca4,004940b3b8a325c53ad9695411b912a7a0f2cd4b1aabfcf601736b6f31afd8570bd16d0b1e2726726b3db9ce4390f83287303a7069b12873bfb1a0f310c89ccc1d5bc2a67f839371907050f2,projects/charismatic-tea-434516-a5/logs/run.googleapis.com%2Frequests,,2024-11-25T07:07:33.475647466Z,fannkuch-cpp,europe-north1,charismatic-tea-434516-a5,fannkuch-cpp-00008-jkq,fannkuch-cpp,cloud_run_revision,INFO,f32eb45b3164e3f2,2024-11-25T07:06:34.599008Z,projects/charismatic-tea-434516-a5/traces/7d70c32c13f084dd3c6fdb8352f54f4c,true
59.168723273s,HTTP/1.1,168.62.241.127,GET,262,https://fannkuch-cpp-815005680514.europe-north1.run.app/,120,216.239.34.53,200,curl/7.81.0,67442135000e0d575c4a25a4,004940b3b8a325c53ad9695411b912a7a0f2cd4b1aabfcf601736b6f31afd8570bd16d0b1e2726726b3db9ce4390f83287303a7069b12873bfb1a0f310c89ccc1d5bc2a67f839371907050f2,projects/charismatic-tea-434516-a5/logs/run.googleapis.com%2Frequests,,2024-11-25T07:03:17.924655579Z,fannkuch-cpp,europe-north1,charismatic-tea-434516-a5,fannkuch-cpp-00008-jkq,fannkuch-cpp,cloud_run_revision,INFO,f8fca402e1d11652,2024-11-25T07:02:18.740268Z,projects/charismatic-tea-434516-a5/traces/acc892fc9d823529f83e542c5768f6c5,true
58.836077453s,HTTP/1.1,168.62.241.127,GET,262,https://fannkuch-cpp-815005680514.europe-north1.run.app/,120,216.239.32.53,200,curl/7.81.0,674420330005cbabae38c02f,004940b3b8a325c53ad9695411b912a7a0f2cd4b1aabfcf601736b6f31afd8570bd16d0b1e2726726b3db9ce4390f83287303a7069b12873bfb1a0f310c89ccc1d5bc2a67f839371907050f2,projects/charismatic-tea-434516-a5/logs/run.googleapis.com%2Frequests,,2024-11-25T06:58:59.385950084Z,fannkuch-cpp,europe-north1,charismatic-tea-434516-a5,fannkuch-cpp-00008-jkq,fannkuch-cpp,cloud_run_revision,INFO,3228d18f0b76eca6,2024-11-25T06:58:00.531666Z,projects/charismatic-tea-434516-a5/traces/07f7320a436fc5e4a28abb95cc2412d5,true
58.510727998s,HTTP/1.1,168.62.241.127,GET,262,https://fannkuch-cpp-815005680514.europe-north1.run.app/,120,216.239.38.53,200,curl/7.81.0,67441f31000a70ccd7578686,004940b3b8a325c53ad9695411b912a7a0f2cd4b1aabfcf601736b6f31afd8570bd16d0b1e2726726b3db9ce4390f83287303a7069b12873bfb1a0f310c89ccc1d5bc2a67f839371907050f2,projects/charismatic-tea-434516-a5/logs/run.googleapis.com%2Frequests,,2024-11-25T06:54:41.689240521Z,fannkuch-cpp,europe-north1,charismatic-tea-434516-a5,fannkuch-cpp-00008-jkq,fannkuch-cpp,cloud_run_revision,INFO,f2dcbc2d5f06fccb,2024-11-25T06:53:43.163088Z,projects/charismatic-tea-434516-a5/traces/6fb6f834e7f7f4187ba722a421bb3106,true
58.532801046s,HTTP/1.1,168.62.241.127,GET,262,https://fannkuch-cpp-815005680514.europe-north1.run.app/,120,216.239.38.53,200,curl/7.81.0,67441e2f000b8784ca36e688,004940b3b8a325c53ad9695411b912a7a0f2cd4b1aabfcf601736b6f31afd8570bd16d0b1e2726726b3db9ce4390f83287303a7069b12873bfb1a0f310c89ccc1d5bc2a67f839371907050f2,projects/charismatic-tea-434516-a5/logs/run.googleapis.com%2Frequests,,2024-11-25T06:50:23.758767760Z,fannkuch-cpp,europe-north1,charismatic-tea-434516-a5,fannkuch-cpp-00008-jkq,fannkuch-cpp,cloud_run_revision,INFO,6e5e8474a2b395ad,2024-11-25T06:49:25.210959Z,projects/charismatic-tea-434516-a5/traces/a7fa5ee415cdbbdb47963085604867c2,true
58.779894204s,HTTP/1.1,172.183.210.137,GET,263,https://fannkuch-cpp-815005680514.europe-north1.run.app/,120,216.239.32.53,200,curl/7.81.0,674416790002c98b04c54ec4,004940b3b8a325c53ad9695411b912a7a0f2cd4b1aabfcf601736b6f31afd8570bd16d0b1e2726726b3db9ce4390f83287303a7069b12873bfb1a0f310c89ccc1d5bc2a67f839371907050f2,projects/charismatic-tea-434516-a5/logs/run.googleapis.com%2Frequests,,2024-11-25T06:17:29.187089914Z,fannkuch-cpp,europe-north1,charismatic-tea-434516-a5,fannkuch-cpp-00008-jkq,fannkuch-cpp,cloud_run_revision,INFO,f341fe0370aae3ad,2024-11-25T06:16:30.391329Z,projects/charismatic-tea-434516-a5/traces/fe20afd43ef6696633136fd3c03b0e67,true
58.750687941s,HTTP/1.1,172.183.210.137,GET,263,https://fannkuch-cpp-815005680514.europe-north1.run.app/,120,216.239.36.53,200,curl/7.81.0,6744157a00043936c0c32763,004940b3b8a325c53ad9695411b912a7a0f2cd4b1aabfcf601736b6f31afd8570bd16d0b1e2726726b3db9ce4390f83287303a7069b12873bfb1a0f310c89ccc1d5bc2a67f839371907050f2,projects/charismatic-tea-434516-a5/logs/run.googleapis.com%2Frequests,,2024-11-25T06:13:14.280740525Z,fannkuch-cpp,europe-north1,charismatic-tea-434516-a5,fannkuch-cpp-00008-jkq,fannkuch-cpp,cloud_run_revision,INFO,df7d0ed865dc181d,2024-11-25T06:12:15.515099Z,projects/charismatic-tea-434516-a5/traces/1595174d6bebd95dd99388b746df9faf,true
58.477753550s,HTTP/1.1,172.183.210.137,GET,262,https://fannkuch-cpp-815005680514.europe-north1.run.app/,120,216.239.32.53,200,curl/7.81.0,6744147c00090431aff32ac2,004940b3b8a325c53ad9695411b912a7a0f2cd4b1aabfcf601736b6f31afd8570bd16d0b1e2726726b3db9ce4390f83287303a7069b12873bfb1a0f310c89ccc1d5bc2a67f839371907050f2,projects/charismatic-tea-434516-a5/logs/run.googleapis.com%2Frequests,,2024-11-25T06:09:00.594993752Z,fannkuch-cpp,europe-north1,charismatic-tea-434516-a5,fannkuch-cpp-00008-jkq,fannkuch-cpp,cloud_run_revision,INFO,85cecd44994f9e49,2024-11-25T06:08:02.102011Z,projects/charismatic-tea-434516-a5/traces/7efd751dc10759a7941aba5c5d74f890,true
58.885642474s,HTTP/1.1,172.183.210.137,GET,262,https://fannkuch-cpp-815005680514.europe-north1.run.app/,120,216.239.38.53,200,curl/7.81.0,6744137d00095537a8f53782,004940b3b8a325c53ad9695411b912a7a0f2cd4b1aabfcf601736b6f31afd8570bd16d0b1e2726726b3db9ce4390f83287303a7069b12873bfb1a0f310c89ccc1d5bc2a67f839371907050f2,projects/charismatic-tea-434516-a5/logs/run.googleapis.com%2Frequests,,2024-11-25T06:04:45.614231786Z,fannkuch-cpp,europe-north1,charismatic-tea-434516-a5,fannkuch-cpp-00008-jkq,fannkuch-cpp,cloud_run_revision,INFO,1a86dcdad010277f,2024-11-25T06:03:46.713240Z,projects/charismatic-tea-434516-a5/traces/06c904dc4e0d4d0eaafed0e5baf9efda,true
60.546029127s,HTTP/1.1,172.183.210.137,GET,262,https://fannkuch-cpp-815005680514.europe-north1.run.app/,120,216.239.32.53,200,curl/7.81.0,6744127d000e6b7544a98020,004940b3b8a325c53ad9695411b912a7a0f2cd4b1aabfcf601736b6f31afd8570bd16d0b1e2726726b3db9ce4390f83287303a7069b12873bfb1a0f310c89ccc1d5bc2a67f839371907050f2,projects/charismatic-tea-434516-a5/logs/run.googleapis.com%2Frequests,,2024-11-25T06:00:29.951251987Z,fannkuch-cpp,europe-north1,charismatic-tea-434516-a5,fannkuch-cpp-00008-jkq,fannkuch-cpp,cloud_run_revision,INFO,6bdf13d73fcc7f3f,2024-11-25T05:59:29.387870Z,projects/charismatic-tea-434516-a5/traces/41ba8cc15cb1396ab6d3edf4a12c508d,true
58.786115478s,HTTP/1.1,172.183.210.137,GET,262,https://fannkuch-cpp-815005680514.europe-north1.run.app/,120,216.239.38.53,200,curl/7.81.0,6744117d0004e5aa7c695765,004940b3b8a325c53ad9695411b912a7a0f2cd4b1aabfcf601736b6f31afd8570bd16d0b1e2726726b3db9ce4390f83287303a7069b12873bfb1a0f310c89ccc1d5bc2a67f839371907050f2,projects/charismatic-tea-434516-a5/logs/run.googleapis.com%2Frequests,,2024-11-25T05:56:13.325749633Z,fannkuch-cpp,europe-north1,charismatic-tea-434516-a5,fannkuch-cpp-00008-jkq,fannkuch-cpp,cloud_run_revision,INFO,9436476a58c59a20,2024-11-25T05:55:14.522831Z,projects/charismatic-tea-434516-a5/traces/ae40d5f1d11d2b18afc2b7fe5e3008b7,true
58.598751627s,HTTP/1.1,172.183.210.137,GET,262,https://fannkuch-cpp-815005680514.europe-north1.run.app/,120,216.239.36.53,200,curl/7.81.0,6744107d000cb8e1d18fe9fc,004940b3b8a325c53ad9695411b912a7a0f2cd4b1aabfcf601736b6f31afd8570bd16d0b1e2726726b3db9ce4390f83287303a7069b12873bfb1a0f310c89ccc1d5bc2a67f839371907050f2,projects/charismatic-tea-434516-a5/logs/run.googleapis.com%2Frequests,,2024-11-25T05:51:57.837930218Z,fannkuch-cpp,europe-north1,charismatic-tea-434516-a5,fannkuch-cpp-00008-jkq,fannkuch-cpp,cloud_run_revision,INFO,7e2993633af59897,2024-11-25T05:50:59.222822Z,projects/charismatic-tea-434516-a5/traces/14746677d6f0f13f54b782624007432d,true
58.440480638s,HTTP/1.1,172.183.210.137,GET,263,https://fannkuch-cpp-815005680514.europe-north1.run.app/,120,216.239.34.53,200,curl/7.81.0,67440f7b000ef067783b41e3,004940b3b8a325c53ad9695411b912a7a0f2cd4b1aabfcf601736b6f31afd8570bd16d0b1e2726726b3db9ce4390f83287303a7069b12873bfb1a0f310c89ccc1d5bc2a67f839371907050f2,projects/charismatic-tea-434516-a5/logs/run.googleapis.com%2Frequests,,2024-11-25T05:47:39.984177161Z,fannkuch-cpp,europe-north1,charismatic-tea-434516-a5,fannkuch-cpp-00008-jkq,fannkuch-cpp,cloud_run_revision,INFO,0a0f1ef602372ef4,2024-11-25T05:46:41.528197Z,projects/charismatic-tea-434516-a5/traces/e704d8704fcd6f8aaa6b256754df5a4e,true
58.801945627s,HTTP/1.1,172.183.210.137,GET,263,https://fannkuch-cpp-815005680514.europe-north1.run.app/,120,216.239.34.53,200,curl/7.81.0,67440e7c000db16b10b033a5,004940b3b8a325c53ad9695411b912a7a0f2cd4b1aabfcf601736b6f31afd8570bd16d0b1e2726726b3db9ce4390f83287303a7069b12873bfb1a0f310c89ccc1d5bc2a67f839371907050f2,projects/charismatic-tea-434516-a5/logs/run.googleapis.com%2Frequests,,2024-11-25T05:43:24.900704448Z,fannkuch-cpp,europe-north1,charismatic-tea-434516-a5,fannkuch-cpp-00008-jkq,fannkuch-cpp,cloud_run_revision,INFO,f79a105f24ce553e,2024-11-25T05:42:26.084333Z,projects/charismatic-tea-434516-a5/traces/46d5d764c6d8888f41b0bcbf4adb9323,true
58.486767119s,HTTP/1.1,172.183.210.137,GET,262,https://fannkuch-cpp-815005680514.europe-north1.run.app/,120,216.239.34.53,200,curl/7.81.0,67440d7d0005adf27e4079f8,004940b3b8a325c53ad9695411b912a7a0f2cd4b1aabfcf601736b6f31afd8570bd16d0b1e2726726b3db9ce4390f83287303a7069b12873bfb1a0f310c89ccc1d5bc2a67f839371907050f2,projects/charismatic-tea-434516-a5/logs/run.googleapis.com%2Frequests,,2024-11-25T05:39:09.377446603Z,fannkuch-cpp,europe-north1,charismatic-tea-434516-a5,fannkuch-cpp-00008-jkq,fannkuch-cpp,cloud_run_revision,INFO,45e2af0534f71152,2024-11-25T05:38:10.871355Z,projects/charismatic-tea-434516-a5/traces/18e8534ddae5bc622c4157f5eae8a447,true
58.770490647s,HTTP/1.1,52.159.144.213,GET,262,https://fannkuch-cpp-815005680514.europe-north1.run.app/,120,216.239.34.53,200,curl/7.81.0,67440976000e4bb43e3ceafa,004940b3b8a325c53ad9695411b912a7a0f2cd4b1aabfcf601736b6f31afd8570bd16d0b1e2726726b3db9ce4390f83287303a7069b12873bfb1a0f310c89ccc1d5bc2a67f839371907050f2,projects/charismatic-tea-434516-a5/logs/run.googleapis.com%2Frequests,,2024-11-25T05:21:58.940591429Z,fannkuch-cpp,europe-north1,charismatic-tea-434516-a5,fannkuch-cpp-00008-jkq,fannkuch-cpp,cloud_run_revision,INFO,55938f7ce282200d,2024-11-25T05:21:00.155061Z,projects/charismatic-tea-434516-a5/traces/86448254e0d8f883e14607cd5517b2f1,true
58.844638298s,HTTP/1.1,52.159.144.213,GET,262,https://fannkuch-cpp-815005680514.europe-north1.run.app/,120,216.239.38.53,200,curl/7.81.0,67440877000391351b801a5c,004940b3b8a325c53ad9695411b912a7a0f2cd4b1aabfcf601736b6f31afd8570bd16d0b1e2726726b3db9ce4390f83287303a7069b12873bfb1a0f310c89ccc1d5bc2a67f839371907050f2,projects/charismatic-tea-434516-a5/logs/run.googleapis.com%2Frequests,,2024-11-25T05:17:43.238465426Z,fannkuch-cpp,europe-north1,charismatic-tea-434516-a5,fannkuch-cpp-00008-jkq,fannkuch-cpp,cloud_run_revision,INFO,1f03afc5f8f3666b,2024-11-25T05:16:44.377229Z,projects/charismatic-tea-434516-a5/traces/73ebb2d521e853fc837d933a8d851055,true
58.538205295s,HTTP/1.1,52.159.144.213,GET,263,https://fannkuch-cpp-815005680514.europe-north1.run.app/,120,216.239.34.53,200,curl/7.81.0,674407770009a97800264519,004940b3b8a325c53ad9695411b912a7a0f2cd4b1aabfcf601736b6f31afd8570bd16d0b1e2726726b3db9ce4390f83287303a7069b12873bfb1a0f310c89ccc1d5bc2a67f839371907050f2,projects/charismatic-tea-434516-a5/logs/run.googleapis.com%2Frequests,,2024-11-25T05:13:27.635881094Z,fannkuch-cpp,europe-north1,charismatic-tea-434516-a5,fannkuch-cpp-00008-jkq,fannkuch-cpp,cloud_run_revision,INFO,af354b43a510dd73,2024-11-25T05:12:29.083393Z,projects/charismatic-tea-434516-a5/traces/e789629a610722671bc7c9519c8dead8,true
58.787631102s,HTTP/1.1,52.159.144.213,GET,263,https://fannkuch-cpp-815005680514.europe-north1.run.app/,120,216.239.36.53,200,curl/7.81.0,674406780005434bc9a4ed41,004940b3b8a325c53ad9695411b912a7a0f2cd4b1aabfcf601736b6f31afd8570bd16d0b1e2726726b3db9ce4390f83287303a7069b12873bfb1a0f310c89ccc1d5bc2a67f839371907050f2,projects/charismatic-tea-434516-a5/logs/run.googleapis.com%2Frequests,,2024-11-25T05:09:12.349642721Z,fannkuch-cpp,europe-north1,charismatic-tea-434516-a5,fannkuch-cpp-00008-jkq,fannkuch-cpp,cloud_run_revision,INFO,836d08ca32e17af3,2024-11-25T05:08:13.545510Z,projects/charismatic-tea-434516-a5/traces/0e94a2b86101a0ef8e1646638d576469,true
58.755246050s,HTTP/1.1,52.159.144.213,GET,262,https://fannkuch-cpp-815005680514.europe-north1.run.app/,120,216.239.34.53,200,curl/7.81.0,6744057a000d6652c6bf3a6a,004940b3b8a325c53ad9695411b912a7a0f2cd4b1aabfcf601736b6f31afd8570bd16d0b1e2726726b3db9ce4390f83287303a7069b12873bfb1a0f310c89ccc1d5bc2a67f839371907050f2,projects/charismatic-tea-434516-a5/logs/run.googleapis.com%2Frequests,,2024-11-25T05:04:58.882581284Z,fannkuch-cpp,europe-north1,charismatic-tea-434516-a5,fannkuch-cpp-00008-jkq,fannkuch-cpp,cloud_run_revision,INFO,b67427a5b464c41e,2024-11-25T05:04:00.111518Z,projects/charismatic-tea-434516-a5/traces/55aec1294b05ae28ef3c5579f310d38f,true
59.153418245s,HTTP/1.1,52.159.144.213,GET,262,https://fannkuch-cpp-815005680514.europe-north1.run.app/,120,216.239.38.53,200,curl/7.81.0,6744047c00018d636797273a,004940b3b8a325c53ad9695411b912a7a0f2cd4b1aabfcf601736b6f31afd8570bd16d0b1e2726726b3db9ce4390f83287303a7069b12873bfb1a0f310c89ccc1d5bc2a67f839371907050f2,projects/charismatic-tea-434516-a5/logs/run.googleapis.com%2Frequests,,2024-11-25T05:00:44.104327436Z,fannkuch-cpp,europe-north1,charismatic-tea-434516-a5,fannkuch-cpp-00008-jkq,fannkuch-cpp,cloud_run_revision,INFO,798e5dce7c9e7ea2,2024-11-25T04:59:44.936933Z,projects/charismatic-tea-434516-a5/traces/e5c66b4bfcda291a2e764a53b1fc5ce0,true
58.412810193s,HTTP/1.1,52.159.144.213,GET,263,https://fannkuch-cpp-815005680514.europe-north1.run.app/,120,216.239.32.53,200,curl/7.81.0,6744037a0009903ffe9cb387,004940b3b8a325c53ad9695411b912a7a0f2cd4b1aabfcf601736b6f31afd8570bd16d0b1e2726726b3db9ce4390f83287303a7069b12873bfb1a0f310c89ccc1d5bc2a67f839371907050f2,projects/charismatic-tea-434516-a5/logs/run.googleapis.com%2Frequests,,2024-11-25T04:56:26.631486597Z,fannkuch-cpp,europe-north1,charismatic-tea-434516-a5,fannkuch-cpp-00008-jkq,fannkuch-cpp,cloud_run_revision,INFO,221fd106e3295f3d,2024-11-25T04:55:28.202081Z,projects/charismatic-tea-434516-a5/traces/d54ac2c1342d82ecce23699e54c166c6,true
58.126185471s,HTTP/1.1,52.159.144.213,GET,263,https://fannkuch-cpp-815005680514.europe-north1.run.app/,120,216.239.34.53,200,curl/7.81.0,674402790007c663e6779182,004940b3b8a325c53ad9695411b912a7a0f2cd4b1aabfcf601736b6f31afd8570bd16d0b1e2726726b3db9ce4390f83287303a7069b12873bfb1a0f310c89ccc1d5bc2a67f839371907050f2,projects/charismatic-tea-434516-a5/logs/run.googleapis.com%2Frequests,,2024-11-25T04:52:09.514026839Z,fannkuch-cpp,europe-north1,charismatic-tea-434516-a5,fannkuch-cpp-00008-jkq,fannkuch-cpp,cloud_run_revision,INFO,77edb5ab1f61ecec,2024-11-25T04:51:11.371567Z,projects/charismatic-tea-434516-a5/traces/1f357884fa1ffd06c451fa1c3b3fc25e,true
58.534288474s,HTTP/1.1,52.159.144.213,GET,262,https://fannkuch-cpp-815005680514.europe-north1.run.app/,120,216.239.38.53,200,curl/7.81.0,6744017800067cbc5dc0cdd1,004940b3b8a325c53ad9695411b912a7a0f2cd4b1aabfcf601736b6f31afd8570bd16d0b1e2726726b3db9ce4390f83287303a7069b12873bfb1a0f310c89ccc1d5bc2a67f839371907050f2,projects/charismatic-tea-434516-a5/logs/run.googleapis.com%2Frequests,,2024-11-25T04:47:52.428386567Z,fannkuch-cpp,europe-north1,charismatic-tea-434516-a5,fannkuch-cpp-00008-jkq,fannkuch-cpp,cloud_run_revision,INFO,d4a604ef895f0045,2024-11-25T04:46:53.877390Z,projects/charismatic-tea-434516-a5/traces/04914df39e4a0f1e891da9a14b8dc29f,true
58.470691724s,HTTP/1.1,52.159.144.213,GET,262,https://fannkuch-cpp-815005680514.europe-north1.run.app/,120,216.239.38.53,200,curl/7.81.0,67440077000e3d316d2b47be,004940b3b8a325c53ad9695411b912a7a0f2cd4b1aabfcf601736b6f31afd8570bd16d0b1e2726726b3db9ce4390f83287303a7069b12873bfb1a0f310c89ccc1d5bc2a67f839371907050f2,projects/charismatic-tea-434516-a5/logs/run.googleapis.com%2Frequests,,2024-11-25T04:43:35.936362305Z,fannkuch-cpp,europe-north1,charismatic-tea-434516-a5,fannkuch-cpp-00008-jkq,fannkuch-cpp,cloud_run_revision,INFO,d7d5ed84718cccb3,2024-11-25T04:42:37.449752Z,projects/charismatic-tea-434516-a5/traces/2c7c68bb3739fcc9ef4c9d45fbfde4cc,true
58.577206437s,HTTP/1.1,20.55.221.77,GET,263,https://fannkuch-cpp-815005680514.europe-north1.run.app/,120,216.239.38.53,200,curl/7.81.0,6743f346000d647097cc8d9a,004940b3b8a325c53ad9695411b912a7a0f2cd4b1aabfcf601736b6f31afd8570bd16d0b1e2726726b3db9ce4390f83287303a7069b12873bfb1a0f310c89ccc1d5bc2a67f839371907050f2,projects/charismatic-tea-434516-a5/logs/run.googleapis.com%2Frequests,,2024-11-25T03:47:18.879913063Z,fannkuch-cpp,europe-north1,charismatic-tea-434516-a5,fannkuch-cpp-00008-jkq,fannkuch-cpp,cloud_run_revision,INFO,f671ab27c9d06dd7,2024-11-25T03:46:20.289733Z,projects/charismatic-tea-434516-a5/traces/891d1d35cec5a1c632ec11af44de0032,true
58.584076754s,HTTP/1.1,20.55.221.77,GET,263,https://fannkuch-cpp-815005680514.europe-north1.run.app/,120,216.239.38.53,200,curl/7.81.0,6743f248000278f97ae8a806,004940b3b8a325c53ad9695411b912a7a0f2cd4b1aabfcf601736b6f31afd8570bd16d0b1e2726726b3db9ce4390f83287303a7069b12873bfb1a0f310c89ccc1d5bc2a67f839371907050f2,projects/charismatic-tea-434516-a5/logs/run.googleapis.com%2Frequests,,2024-11-25T03:43:04.165307175Z,fannkuch-cpp,europe-north1,charismatic-tea-434516-a5,fannkuch-cpp-00008-jkq,fannkuch-cpp,cloud_run_revision,INFO,8de0a8ed2e2df86a,2024-11-25T03:42:05.565148Z,projects/charismatic-tea-434516-a5/traces/c804cebf31a23b4f7ff11d18ec3dce5d,true
58.581296509s,HTTP/1.1,20.55.221.77,GET,262,https://fannkuch-cpp-815005680514.europe-north1.run.app/,120,216.239.36.53,200,curl/7.81.0,6743f1490008f0c27bfd46a9,004940b3b8a325c53ad9695411b912a7a0f2cd4b1aabfcf601736b6f31afd8570bd16d0b1e2726726b3db9ce4390f83287303a7069b12873bfb1a0f310c89ccc1d5bc2a67f839371907050f2,projects/charismatic-tea-434516-a5/logs/run.googleapis.com%2Frequests,,2024-11-25T03:38:49.589584713Z,fannkuch-cpp,europe-north1,charismatic-tea-434516-a5,fannkuch-cpp-00008-jkq,fannkuch-cpp,cloud_run_revision,INFO,608c99771d494c6b,2024-11-25T03:37:50.992205Z,projects/charismatic-tea-434516-a5/traces/c6611aa88d0374b23498fbd8ce994498,true
58.357100402s,HTTP/1.1,20.55.221.77,GET,263,https://fannkuch-cpp-815005680514.europe-north1.run.app/,120,216.239.38.53,200,curl/7.81.0,6743f04c0006d62f6453f11f,004940b3b8a325c53ad9695411b912a7a0f2cd4b1aabfcf601736b6f31afd8570bd16d0b1e2726726b3db9ce4390f83287303a7069b12873bfb1a0f310c89ccc1d5bc2a67f839371907050f2,projects/charismatic-tea-434516-a5/logs/run.googleapis.com%2Frequests,,2024-11-25T03:34:36.452406661Z,fannkuch-cpp,europe-north1,charismatic-tea-434516-a5,fannkuch-cpp-00008-jkq,fannkuch-cpp,cloud_run_revision,INFO,59a3b6144d9e07d9,2024-11-25T03:33:38.078611Z,projects/charismatic-tea-434516-a5/traces/66c42b26ecb3999d423828885bb41280,true
58.849331021s,HTTP/1.1,20.55.221.77,GET,263,https://fannkuch-cpp-815005680514.europe-north1.run.app/,120,216.239.32.53,200,curl/7.81.0,6743ef4f000408f2447e0f02,004940b3b8a325c53ad9695411b912a7a0f2cd4b1aabfcf601736b6f31afd8570bd16d0b1e2726726b3db9ce4390f83287303a7069b12873bfb1a0f310c89ccc1d5bc2a67f839371907050f2,projects/charismatic-tea-434516-a5/logs/run.googleapis.com%2Frequests,,2024-11-25T03:30:23.266992181Z,fannkuch-cpp,europe-north1,charismatic-tea-434516-a5,fannkuch-cpp-00008-jkq,fannkuch-cpp,cloud_run_revision,INFO,8b537f7a14d11716,2024-11-25T03:29:24.403343Z,projects/charismatic-tea-434516-a5/traces/9bf1da4cc01b62b1d8511b9ee1839321,true
58.358714301s,HTTP/1.1,20.55.221.77,GET,262,https://fannkuch-cpp-815005680514.europe-north1.run.app/,120,216.239.34.53,200,curl/7.81.0,6743ee4f0008d702b090240f,004940b3b8a325c53ad9695411b912a7a0f2cd4b1aabfcf601736b6f31afd8570bd16d0b1e2726726b3db9ce4390f83287303a7069b12873bfb1a0f310c89ccc1d5bc2a67f839371907050f2,projects/charismatic-tea-434516-a5/logs/run.googleapis.com%2Frequests,,2024-11-25T03:26:07.582593154Z,fannkuch-cpp,europe-north1,charismatic-tea-434516-a5,fannkuch-cpp-00008-jkq,fannkuch-cpp,cloud_run_revision,INFO,53f0086359fa4a15,2024-11-25T03:25:09.207389Z,projects/charismatic-tea-434516-a5/traces/eec1cabe10363c1d0f456fdbc8bb09da,true
58.303943755s,HTTP/1.1,20.55.221.77,GET,263,https://fannkuch-cpp-815005680514.europe-north1.run.app/,120,216.239.32.53,200,curl/7.81.0,6743ed520004bd8a5dfa6ee6,004940b3b8a325c53ad9695411b912a7a0f2cd4b1aabfcf601736b6f31afd8570bd16d0b1e2726726b3db9ce4390f83287303a7069b12873bfb1a0f310c89ccc1d5bc2a67f839371907050f2,projects/charismatic-tea-434516-a5/logs/run.googleapis.com%2Frequests,,2024-11-25T03:21:54.313690985Z,fannkuch-cpp,europe-north1,charismatic-tea-434516-a5,fannkuch-cpp-00008-jkq,fannkuch-cpp,cloud_run_revision,INFO,110cd06915cde300,2024-11-25T03:20:55.994091Z,projects/charismatic-tea-434516-a5/traces/5b869a04f044b7dc9121871faf5d3612,true
58.344105099s,HTTP/1.1,20.55.221.77,GET,263,https://fannkuch-cpp-815005680514.europe-north1.run.app/,120,216.239.32.53,200,curl/7.81.0,6743ec53000ecfc88793782e,004940b3b8a325c53ad9695411b912a7a0f2cd4b1aabfcf601736b6f31afd8570bd16d0b1e2726726b3db9ce4390f83287303a7069b12873bfb1a0f310c89ccc1d5bc2a67f839371907050f2,projects/charismatic-tea-434516-a5/logs/run.googleapis.com%2Frequests,,2024-11-25T03:17:39.975918326Z,fannkuch-cpp,europe-north1,charismatic-tea-434516-a5,fannkuch-cpp-00008-jkq,fannkuch-cpp,cloud_run_revision,INFO,66d34f6a4077fc25,2024-11-25T03:16:41.616116Z,projects/charismatic-tea-434516-a5/traces/174c9eeeb7f391f0409382f6704a8a43,true
58.444070869s,HTTP/1.1,20.55.221.77,GET,262,https://fannkuch-cpp-815005680514.europe-north1.run.app/,120,216.239.32.53,200,curl/7.81.0,6743eb560007d02f411bd15b,004940b3b8a325c53ad9695411b912a7a0f2cd4b1aabfcf601736b6f31afd8570bd16d0b1e2726726b3db9ce4390f83287303a7069b12873bfb1a0f310c89ccc1d5bc2a67f839371907050f2,projects/charismatic-tea-434516-a5/logs/run.googleapis.com%2Frequests,,2024-11-25T03:13:26.514291072Z,fannkuch-cpp,europe-north1,charismatic-tea-434516-a5,fannkuch-cpp-00008-jkq,fannkuch-cpp,cloud_run_revision,INFO,d94ec5173ce6c572,2024-11-25T03:12:28.055622Z,projects/charismatic-tea-434516-a5/traces/3069fd295201bc62ba8fad9e89bc3166,true
58.661199313s,HTTP/1.1,20.55.221.77,GET,260,https://fannkuch-cpp-815005680514.europe-north1.run.app/,120,216.239.32.53,200,curl/7.81.0,6743ea57000b2756ff80f2c4,004940b3b8a325c53ad9695411b912a7a0f2cd4b1aabfcf601736b6f31afd8570bd16d0b1e2726726b3db9ce4390f83287303a7069b12873bfb1a0f310c89ccc1d5bc2a67f839371907050f2,projects/charismatic-tea-434516-a5/logs/run.googleapis.com%2Frequests,,2024-11-25T03:09:11.735772480Z,fannkuch-cpp,europe-north1,charismatic-tea-434516-a5,fannkuch-cpp-00008-jkq,fannkuch-cpp,cloud_run_revision,INFO,c8c9ee2f07fb020d,2024-11-25T03:08:13.057885Z,projects/charismatic-tea-434516-a5/traces/185bca75ea725a0c06089c8e12684667,true
58.392572586s,HTTP/1.1,52.159.145.255,GET,262,https://fannkuch-cpp-815005680514.europe-north1.run.app/,120,216.239.32.53,200,curl/7.81.0,6743c04d000d43ed9206391e,004940b3b8a325c53ad9695411b912a7a0f2cd4b1aabfcf601736b6f31afd8570bd16d0b1e2726726b3db9ce4390f83287303a7069b12873bfb1a0f310c89ccc1d5bc2a67f839371907050f2,projects/charismatic-tea-434516-a5/logs/run.googleapis.com%2Frequests,,2024-11-25T00:09:49.872062760Z,fannkuch-cpp,europe-north1,charismatic-tea-434516-a5,fannkuch-cpp-00008-jkq,fannkuch-cpp,cloud_run_revision,INFO,f5371ca7f05aa6d4,2024-11-25T00:08:51.465328Z,projects/charismatic-tea-434516-a5/traces/f2f9dc8ef9e2e190a1d4f2bbddfeff1f,true
59.192263909s,HTTP/1.1,52.159.145.255,GET,263,https://fannkuch-cpp-815005680514.europe-north1.run.app/,120,216.239.32.53,200,curl/7.81.0,6743bf4f000d9351de632dd3,004940b3b8a325c53ad9695411b912a7a0f2cd4b1aabfcf601736b6f31afd8570bd16d0b1e2726726b3db9ce4390f83287303a7069b12873bfb1a0f310c89ccc1d5bc2a67f839371907050f2,projects/charismatic-tea-434516-a5/logs/run.googleapis.com%2Frequests,,2024-11-25T00:05:35.893398450Z,fannkuch-cpp,europe-north1,charismatic-tea-434516-a5,fannkuch-cpp-00008-jkq,fannkuch-cpp,cloud_run_revision,INFO,b8a57cf2bff96ba4,2024-11-25T00:04:36.685903Z,projects/charismatic-tea-434516-a5/traces/0a3b7bca084e5a517661ad506383222f,true
58.573610531s,HTTP/1.1,52.159.145.255,GET,262,https://fannkuch-cpp-815005680514.europe-north1.run.app/,120,216.239.36.53,200,curl/7.81.0,6743be4d000aebc5f17de6b0,004940b3b8a325c53ad9695411b912a7a0f2cd4b1aabfcf601736b6f31afd8570bd16d0b1e2726726b3db9ce4390f83287303a7069b12873bfb1a0f310c89ccc1d5bc2a67f839371907050f2,projects/charismatic-tea-434516-a5/logs/run.googleapis.com%2Frequests,,2024-11-25T00:01:17.719647633Z,fannkuch-cpp,europe-north1,charismatic-tea-434516-a5,fannkuch-cpp-00008-jkq,fannkuch-cpp,cloud_run_revision,INFO,94586c028abc3b38,2024-11-25T00:00:19.129172Z,projects/charismatic-tea-434516-a5/traces/36fe3ba3600e36985ca8618462948938,true
58.364748556s,HTTP/1.1,52.159.145.255,GET,262,https://fannkuch-cpp-815005680514.europe-north1.run.app/,120,216.239.36.53,200,curl/7.81.0,6743bd4e000315f508d8564e,004940b3b8a325c53ad9695411b912a7a0f2cd4b1aabfcf601736b6f31afd8570bd16d0b1e2726726b3db9ce4390f83287303a7069b12873bfb1a0f310c89ccc1d5bc2a67f839371907050f2,projects/charismatic-tea-434516-a5/logs/run.googleapis.com%2Frequests,,2024-11-24T23:57:02.204693698Z,fannkuch-cpp,europe-north1,charismatic-tea-434516-a5,fannkuch-cpp-00008-jkq,fannkuch-cpp,cloud_run_revision,INFO,fc9e65b5b19bb2b5,2024-11-24T23:56:03.826726Z,projects/charismatic-tea-434516-a5/traces/77a0f53316c132d668ee429ceea16bfe,true
58.269930618s,HTTP/1.1,52.159.145.255,GET,262,https://fannkuch-cpp-815005680514.europe-north1.run.app/,120,216.239.36.53,200,curl/7.81.0,6743bc4d000f2df56b09753d,004940b3b8a325c53ad9695411b912a7a0f2cd4b1aabfcf601736b6f31afd8570bd16d0b1e2726726b3db9ce4390f83287303a7069b12873bfb1a0f310c89ccc1d5bc2a67f839371907050f2,projects/charismatic-tea-434516-a5/logs/run.googleapis.com%2Frequests,,2024-11-24T23:52:45.998885335Z,fannkuch-cpp,europe-north1,charismatic-tea-434516-a5,fannkuch-cpp-00008-jkq,fannkuch-cpp,cloud_run_revision,INFO,78fe2c1f9681cd12,2024-11-24T23:51:47.713155Z,projects/charismatic-tea-434516-a5/traces/69fa5b7b92f8c15dd4631c60f8ba066f,true
58.527272683s,HTTP/1.1,52.159.145.255,GET,263,https://fannkuch-cpp-815005680514.europe-north1.run.app/,120,216.239.34.53,200,curl/7.81.0,6743bb4e00073a480984e14d,004940b3b8a325c53ad9695411b912a7a0f2cd4b1aabfcf601736b6f31afd8570bd16d0b1e2726726b3db9ce4390f83287303a7069b12873bfb1a0f310c89ccc1d5bc2a67f839371907050f2,projects/charismatic-tea-434516-a5/logs/run.googleapis.com%2Frequests,,2024-11-24T23:48:30.483055386Z,fannkuch-cpp,europe-north1,charismatic-tea-434516-a5,fannkuch-cpp-00008-jkq,fannkuch-cpp,cloud_run_revision,INFO,3b8a40a29296cb09,2024-11-24T23:47:31.935034Z,projects/charismatic-tea-434516-a5/traces/54a0e7b30f2eba1f4da2f7a383ba7014,true
58.599347626s,HTTP/1.1,52.159.145.255,GET,262,https://fannkuch-cpp-815005680514.europe-north1.run.app/,120,216.239.36.53,200,curl/7.81.0,6743ba4f00025d842f9067d1,004940b3b8a325c53ad9695411b912a7a0f2cd4b1aabfcf601736b6f31afd8570bd16d0b1e2726726b3db9ce4390f83287303a7069b12873bfb1a0f310c89ccc1d5bc2a67f839371907050f2,projects/charismatic-tea-434516-a5/logs/run.googleapis.com%2Frequests,,2024-11-24T23:44:15.160635322Z,fannkuch-cpp,europe-north1,charismatic-tea-434516-a5,fannkuch-cpp-00008-jkq,fannkuch-cpp,cloud_run_revision,INFO,91f57c4e8ba36b24,2024-11-24T23:43:16.543624Z,projects/charismatic-tea-434516-a5/traces/136f5816363e06e635deb37218615299,true
58.455850795s,HTTP/1.1,52.159.145.255,GET,262,https://fannkuch-cpp-815005680514.europe-north1.run.app/,120,216.239.36.53,200,curl/7.81.0,6743b94f0005e8ecdf096a28,004940b3b8a325c53ad9695411b912a7a0f2cd4b1aabfcf601736b6f31afd8570bd16d0b1e2726726b3db9ce4390f83287303a7069b12873bfb1a0f310c89ccc1d5bc2a67f839371907050f2,projects/charismatic-tea-434516-a5/logs/run.googleapis.com%2Frequests,,2024-11-24T23:39:59.391570062Z,fannkuch-cpp,europe-north1,charismatic-tea-434516-a5,fannkuch-cpp-00008-jkq,fannkuch-cpp,cloud_run_revision,INFO,3f02d28e05479e12,2024-11-24T23:39:00.918143Z,projects/charismatic-tea-434516-a5/traces/84530d59257be5b2fafdb1eb6773fae7,true
58.598616680s,HTTP/1.1,52.159.145.255,GET,262,https://fannkuch-cpp-815005680514.europe-north1.run.app/,120,216.239.36.53,200,curl/7.81.0,6743b84f000be55297f64cfa,004940b3b8a325c53ad9695411b912a7a0f2cd4b1aabfcf601736b6f31afd8570bd16d0b1e2726726b3db9ce4390f83287303a7069b12873bfb1a0f310c89ccc1d5bc2a67f839371907050f2,projects/charismatic-tea-434516-a5/logs/run.googleapis.com%2Frequests,,2024-11-24T23:35:43.784250801Z,fannkuch-cpp,europe-north1,charismatic-tea-434516-a5,fannkuch-cpp-00008-jkq,fannkuch-cpp,cloud_run_revision,INFO,75781ac6a70a9d69,2024-11-24T23:34:45.163380Z,projects/charismatic-tea-434516-a5/traces/dd7f6100c9d51403279284d651ed8061,true
58.331487878s,HTTP/1.1,52.159.145.255,GET,263,https://fannkuch-cpp-815005680514.europe-north1.run.app/,120,216.239.34.53,200,curl/7.81.0,6743b74f0002b5747cb47ddd,004940b3b8a325c53ad9695411b912a7a0f2cd4b1aabfcf601736b6f31afd8570bd16d0b1e2726726b3db9ce4390f83287303a7069b12873bfb1a0f310c89ccc1d5bc2a67f839371907050f2,projects/charismatic-tea-434516-a5/logs/run.googleapis.com%2Frequests,,2024-11-24T23:31:27.182368751Z,fannkuch-cpp,europe-north1,charismatic-tea-434516-a5,fannkuch-cpp-00008-jkq,fannkuch-cpp,cloud_run_revision,INFO,e9e52e27a427e923,2024-11-24T23:30:28.834048Z,projects/charismatic-tea-434516-a5/traces/5ca8ea248b9ffb92ba6b79546df7b5e3,true
58.279766590s,HTTP/1.1,20.109.61.178,GET,263,https://fannkuch-cpp-815005680514.europe-north1.run.app/,120,216.239.32.53,200,curl/7.81.0,6743b3490004106ee380b466,004940b3b8a325c53ad9695411b912a7a0f2cd4b1aabfcf601736b6f31afd8570bd16d0b1e2726726b3db9ce4390f83287303a7069b12873bfb1a0f310c89ccc1d5bc2a67f839371907050f2,projects/charismatic-tea-434516-a5/logs/run.googleapis.com%2Frequests,,2024-11-24T23:14:17.270809804Z,fannkuch-cpp,europe-north1,charismatic-tea-434516-a5,fannkuch-cpp-00008-jkq,fannkuch-cpp,cloud_run_revision,INFO,524f353ff4f5444f,2024-11-24T23:13:18.973764Z,projects/charismatic-tea-434516-a5/traces/d21c8905a1240177f4c2f7b8c6918b7f,true
58.512496698s,HTTP/1.1,20.109.61.178,GET,263,https://fannkuch-cpp-815005680514.europe-north1.run.app/,120,216.239.38.53,200,curl/7.81.0,6743b24b0001c7855f37d3eb,004940b3b8a325c53ad9695411b912a7a0f2cd4b1aabfcf601736b6f31afd8570bd16d0b1e2726726b3db9ce4390f83287303a7069b12873bfb1a0f310c89ccc1d5bc2a67f839371907050f2,projects/charismatic-tea-434516-a5/logs/run.googleapis.com%2Frequests,,2024-11-24T23:10:03.119812823Z,fannkuch-cpp,europe-north1,charismatic-tea-434516-a5,fannkuch-cpp-00008-jkq,fannkuch-cpp,cloud_run_revision,INFO,f81557d04e7bcc35,2024-11-24T23:09:04.590815Z,projects/charismatic-tea-434516-a5/traces/73781f38c05ea65ed11e22bd297f8020,true
59.288781537s,HTTP/1.1,20.109.61.178,GET,263,https://fannkuch-cpp-815005680514.europe-north1.run.app/,120,216.239.38.53,200,curl/7.81.0,6743b14d000697d603252792,004940b3b8a325c53ad9695411b912a7a0f2cd4b1aabfcf601736b6f31afd8570bd16d0b1e2726726b3db9ce4390f83287303a7069b12873bfb1a0f310c89ccc1d5bc2a67f839371907050f2,projects/charismatic-tea-434516-a5/logs/run.googleapis.com%2Frequests,,2024-11-24T23:05:49.436305943Z,fannkuch-cpp,europe-north1,charismatic-tea-434516-a5,fannkuch-cpp-00008-jkq,fannkuch-cpp,cloud_run_revision,INFO,c3d6fb3bcdd2dadd,2024-11-24T23:04:50.131307Z,projects/charismatic-tea-434516-a5/traces/7b7ce2917d87054ba415e8dfc80e4f25,true
58.953561115s,HTTP/1.1,20.109.61.178,GET,262,https://fannkuch-cpp-815005680514.europe-north1.run.app/,120,216.239.34.53,200,curl/7.81.0,6743b04d000ec2464b3bd7fd,004940b3b8a325c53ad9695411b912a7a0f2cd4b1aabfcf601736b6f31afd8570bd16d0b1e2726726b3db9ce4390f83287303a7069b12873bfb1a0f310c89ccc1d5bc2a67f839371907050f2,projects/charismatic-tea-434516-a5/logs/run.googleapis.com%2Frequests,,2024-11-24T23:01:33.970200812Z,fannkuch-cpp,europe-north1,charismatic-tea-434516-a5,fannkuch-cpp-00008-jkq,fannkuch-cpp,cloud_run_revision,INFO,0929536c9257a6fd,2024-11-24T23:00:35.002334Z,projects/charismatic-tea-434516-a5/traces/e63be7a1afd685711f3d2f5dfe828fd7,true
58.013941465s,HTTP/1.1,20.109.61.178,GET,262,https://fannkuch-cpp-815005680514.europe-north1.run.app/,120,216.239.38.53,200,curl/7.81.0,6743af4e000b4153e0edfbd3,004940b3b8a325c53ad9695411b912a7a0f2cd4b1aabfcf601736b6f31afd8570bd16d0b1e2726726b3db9ce4390f83287303a7069b12873bfb1a0f310c89ccc1d5bc2a67f839371907050f2,projects/charismatic-tea-434516-a5/logs/run.googleapis.com%2Frequests,,2024-11-24T22:57:18.741324875Z,fannkuch-cpp,europe-north1,charismatic-tea-434516-a5,fannkuch-cpp-00008-jkq,fannkuch-cpp,cloud_run_revision,INFO,f7ea1d6b1e0f94b7,2024-11-24T22:56:20.711219Z,projects/charismatic-tea-434516-a5/traces/c548a2b814ce8c7d3784e15546514ee0,true
58.490996115s,HTTP/1.1,20.109.61.178,GET,262,https://fannkuch-cpp-815005680514.europe-north1.run.app/,120,216.239.36.53,200,curl/7.81.0,6743ae50000c8016f2e1b735,004940b3b8a325c53ad9695411b912a7a0f2cd4b1aabfcf601736b6f31afd8570bd16d0b1e2726726b3db9ce4390f83287303a7069b12873bfb1a0f310c89ccc1d5bc2a67f839371907050f2,projects/charismatic-tea-434516-a5/logs/run.googleapis.com%2Frequests,,2024-11-24T22:53:04.823541703Z,fannkuch-cpp,europe-north1,charismatic-tea-434516-a5,fannkuch-cpp-00008-jkq,fannkuch-cpp,cloud_run_revision,INFO,2e48d4872f788f63,2024-11-24T22:52:06.313802Z,projects/charismatic-tea-434516-a5/traces/1f7b77f0d67f5c122fea8e1a8d206d40,true
58.294717247s,HTTP/1.1,20.109.61.178,GET,263,https://fannkuch-cpp-815005680514.europe-north1.run.app/,120,216.239.34.53,200,curl/7.81.0,6743ad50000be2f4dac8177c,004940b3b8a325c53ad9695411b912a7a0f2cd4b1aabfcf601736b6f31afd8570bd16d0b1e2726726b3db9ce4390f83287303a7069b12873bfb1a0f310c89ccc1d5bc2a67f839371907050f2,projects/charismatic-tea-434516-a5/logs/run.googleapis.com%2Frequests,,2024-11-24T22:48:48.784670502Z,fannkuch-cpp,europe-north1,charismatic-tea-434516-a5,fannkuch-cpp-00008-jkq,fannkuch-cpp,cloud_run_revision,INFO,3532f685d6b5ffbc,2024-11-24T22:47:50.471711Z,projects/charismatic-tea-434516-a5/traces/5ec758a0e49620e44c9b68b3f2ec3881,true
58.801789176s,HTTP/1.1,20.109.61.178,GET,262,https://fannkuch-cpp-815005680514.europe-north1.run.app/,120,216.239.36.53,200,curl/7.81.0,6743ac520005c650fe2f0882,004940b3b8a325c53ad9695411b912a7a0f2cd4b1aabfcf601736b6f31afd8570bd16d0b1e2726726b3db9ce4390f83287303a7069b12873bfb1a0f310c89ccc1d5bc2a67f839371907050f2,projects/charismatic-tea-434516-a5/logs/run.googleapis.com%2Frequests,,2024-11-24T22:44:34.382536582Z,fannkuch-cpp,europe-north1,charismatic-tea-434516-a5,fannkuch-cpp-00008-jkq,fannkuch-cpp,cloud_run_revision,INFO,b6627e1392923ebe,2024-11-24T22:43:35.565436Z,projects/charismatic-tea-434516-a5/traces/501226de690378f7a8df7a78f39d816d,true
58.680230190s,HTTP/1.1,20.109.61.178,GET,263,https://fannkuch-cpp-815005680514.europe-north1.run.app/,120,216.239.36.53,200,curl/7.81.0,6743ab54000331adbe5ec0c9,004940b3b8a325c53ad9695411b912a7a0f2cd4b1aabfcf601736b6f31afd8570bd16d0b1e2726726b3db9ce4390f83287303a7069b12873bfb1a0f310c89ccc1d5bc2a67f839371907050f2,projects/charismatic-tea-434516-a5/logs/run.googleapis.com%2Frequests,,2024-11-24T22:40:20.214651690Z,fannkuch-cpp,europe-north1,charismatic-tea-434516-a5,fannkuch-cpp-00008-jkq,fannkuch-cpp,cloud_run_revision,INFO,3e3b075d5522e07a,2024-11-24T22:39:21.518639Z,projects/charismatic-tea-434516-a5/traces/3ed31054b251ec33afbc5f95740a0a69,true
58.953280155s,HTTP/1.1,20.109.61.178,GET,262,https://fannkuch-cpp-815005680514.europe-north1.run.app/,120,216.239.34.53,200,curl/7.81.0,6743aa5300052031a4df5ef2,004940b3b8a325c53ad9695411b912a7a0f2cd4b1aabfcf601736b6f31afd8570bd16d0b1e2726726b3db9ce4390f83287303a7069b12873bfb1a0f310c89ccc1d5bc2a67f839371907050f2,projects/charismatic-tea-434516-a5/logs/run.googleapis.com%2Frequests,,2024-11-24T22:36:03.340856956Z,fannkuch-cpp,europe-north1,charismatic-tea-434516-a5,fannkuch-cpp-00008-jkq,fannkuch-cpp,cloud_run_revision,INFO,14fee3b457dd5198,2024-11-24T22:35:04.370726Z,projects/charismatic-tea-434516-a5/traces/01c5d49f0292fafa30dc7923f69811bb,true
58.429337455s,HTTP/1.1,13.91.181.99,GET,262,https://fannkuch-cpp-815005680514.europe-north1.run.app/,120,216.239.38.53,200,curl/7.81.0,6743a3680003182a76c43f4f,004940b3b8a325c53ad9695411b912a7a0f2cd4b1aabfcf601736b6f31afd8570bd16d0b1e2726726b3db9ce4390f83287303a7069b12873bfb1a0f310c89ccc1d5bc2a67f839371907050f2,projects/charismatic-tea-434516-a5/logs/run.googleapis.com%2Frequests,,2024-11-24T22:06:32.206797584Z,fannkuch-cpp,europe-north1,charismatic-tea-434516-a5,fannkuch-cpp-00008-jkq,fannkuch-cpp,cloud_run_revision,INFO,6d43587e02a849f6,2024-11-24T22:05:33.761445Z,projects/charismatic-tea-434516-a5/traces/0a1a604842eded7756117f954b2e315f,true
58.576433722s,HTTP/1.1,13.91.181.99,GET,263,https://fannkuch-cpp-815005680514.europe-north1.run.app/,120,216.239.34.53,200,curl/7.81.0,6743a2670001509fb0cbf00c,004940b3b8a325c53ad9695411b912a7a0f2cd4b1aabfcf601736b6f31afd8570bd16d0b1e2726726b3db9ce4390f83287303a7069b12873bfb1a0f310c89ccc1d5bc2a67f839371907050f2,projects/charismatic-tea-434516-a5/logs/run.googleapis.com%2Frequests,,2024-11-24T22:02:15.091063934Z,fannkuch-cpp,europe-north1,charismatic-tea-434516-a5,fannkuch-cpp-00008-jkq,fannkuch-cpp,cloud_run_revision,INFO,c90c3def56950ef3,2024-11-24T22:01:16.497596Z,projects/charismatic-tea-434516-a5/traces/868beceb6ac1cc9d9fba04481bd5a4be,true
58.226086572s,HTTP/1.1,13.91.181.99,GET,263,https://fannkuch-cpp-815005680514.europe-north1.run.app/,120,216.239.38.53,200,curl/7.81.0,6743a16600096068ef3bae97,004940b3b8a325c53ad9695411b912a7a0f2cd4b1aabfcf601736b6f31afd8570bd16d0b1e2726726b3db9ce4390f83287303a7069b12873bfb1a0f310c89ccc1d5bc2a67f839371907050f2,projects/charismatic-tea-434516-a5/logs/run.googleapis.com%2Frequests,,2024-11-24T21:57:58.620164092Z,fannkuch-cpp,europe-north1,charismatic-tea-434516-a5,fannkuch-cpp-00008-jkq,fannkuch-cpp,cloud_run_revision,INFO,2046d92920969e47,2024-11-24T21:57:00.374886Z,projects/charismatic-tea-434516-a5/traces/0173764aa5103bc8c009983c22e93227,true
58.458752535s,HTTP/1.1,13.91.181.99,GET,262,https://fannkuch-cpp-815005680514.europe-north1.run.app/,120,216.239.38.53,200,curl/7.81.0,6743a066000f050f60dcbba4,004940b3b8a325c53ad9695411b912a7a0f2cd4b1aabfcf601736b6f31afd8570bd16d0b1e2726726b3db9ce4390f83287303a7069b12873bfb1a0f310c89ccc1d5bc2a67f839371907050f2,projects/charismatic-tea-434516-a5/logs/run.googleapis.com%2Frequests,,2024-11-24T21:53:42.986852605Z,fannkuch-cpp,europe-north1,charismatic-tea-434516-a5,fannkuch-cpp-00008-jkq,fannkuch-cpp,cloud_run_revision,INFO,670395257933b59a,2024-11-24T21:52:44.513140Z,projects/charismatic-tea-434516-a5/traces/f242de35a1f4dd33f0c4fabeda9ca012,true
58.549777245s,HTTP/1.1,13.91.181.99,GET,262,https://fannkuch-cpp-815005680514.europe-north1.run.app/,120,216.239.34.53,200,curl/7.81.0,67439f660005915d5dcf6f26,004940b3b8a325c53ad9695411b912a7a0f2cd4b1aabfcf601736b6f31afd8570bd16d0b1e2726726b3db9ce4390f83287303a7069b12873bfb1a0f310c89ccc1d5bc2a67f839371907050f2,projects/charismatic-tea-434516-a5/logs/run.googleapis.com%2Frequests,,2024-11-24T21:49:26.375171850Z,fannkuch-cpp,europe-north1,charismatic-tea-434516-a5,fannkuch-cpp-00008-jkq,fannkuch-cpp,cloud_run_revision,INFO,eff5836e032b9ea2,2024-11-24T21:48:27.803386Z,projects/charismatic-tea-434516-a5/traces/c96297ad8eddb20e79bad249f95d9f69,true
59.187423722s,HTTP/1.1,13.91.181.99,GET,263,https://fannkuch-cpp-815005680514.europe-north1.run.app/,120,216.239.34.53,200,curl/7.81.0,67439e67000178e750222692,004940b3b8a325c53ad9695411b912a7a0f2cd4b1aabfcf601736b6f31afd8570bd16d0b1e2726726b3db9ce4390f83287303a7069b12873bfb1a0f310c89ccc1d5bc2a67f839371907050f2,projects/charismatic-tea-434516-a5/logs/run.googleapis.com%2Frequests,,2024-11-24T21:45:11.100965589Z,fannkuch-cpp,europe-north1,charismatic-tea-434516-a5,fannkuch-cpp-00008-jkq,fannkuch-cpp,cloud_run_revision,INFO,e99923c6a098aac1,2024-11-24T21:44:11.897722Z,projects/charismatic-tea-434516-a5/traces/74b15538ead0dcec09f63e24a862b3d1,true
59.364785372s,HTTP/1.1,13.91.181.99,GET,263,https://fannkuch-cpp-815005680514.europe-north1.run.app/,120,216.239.38.53,200,curl/7.81.0,67439d670008b9640e708e8e,004940b3b8a325c53ad9695411b912a7a0f2cd4b1aabfcf601736b6f31afd8570bd16d0b1e2726726b3db9ce4390f83287303a7069b12873bfb1a0f310c89ccc1d5bc2a67f839371907050f2,projects/charismatic-tea-434516-a5/logs/run.googleapis.com%2Frequests,,2024-11-24T21:40:55.578568230Z,fannkuch-cpp,europe-north1,charismatic-tea-434516-a5,fannkuch-cpp-00008-jkq,fannkuch-cpp,cloud_run_revision,INFO,41aa9a8ee568440d,2024-11-24T21:39:56.194960Z,projects/charismatic-tea-434516-a5/traces/30f199db1d0e3d0564be53b12b1865c6,true
58.777901395s,HTTP/1.1,13.91.181.99,GET,262,https://fannkuch-cpp-815005680514.europe-north1.run.app/,120,216.239.36.53,200,curl/7.81.0,67439c680000f8e999493187,004940b3b8a325c53ad9695411b912a7a0f2cd4b1aabfcf601736b6f31afd8570bd16d0b1e2726726b3db9ce4390f83287303a7069b12873bfb1a0f310c89ccc1d5bc2a67f839371907050f2,projects/charismatic-tea-434516-a5/logs/run.googleapis.com%2Frequests,,2024-11-24T21:36:40.067842097Z,fannkuch-cpp,europe-north1,charismatic-tea-434516-a5,fannkuch-cpp-00008-jkq,fannkuch-cpp,cloud_run_revision,INFO,1fb4390508d3aff4,2024-11-24T21:35:41.274076Z,projects/charismatic-tea-434516-a5/traces/7d01f89fc53679dd8327738b1547daee,true
58.599117451s,HTTP/1.1,13.91.181.99,GET,262,https://fannkuch-cpp-815005680514.europe-north1.run.app/,120,216.239.36.53,200,curl/7.81.0,67439b6700080b5e4b0d7a7f,004940b3b8a325c53ad9695411b912a7a0f2cd4b1aabfcf601736b6f31afd8570bd16d0b1e2726726b3db9ce4390f83287303a7069b12873bfb1a0f310c89ccc1d5bc2a67f839371907050f2,projects/charismatic-tea-434516-a5/logs/run.googleapis.com%2Frequests,,2024-11-24T21:32:23.532184457Z,fannkuch-cpp,europe-north1,charismatic-tea-434516-a5,fannkuch-cpp-00008-jkq,fannkuch-cpp,cloud_run_revision,INFO,e3f2576775fb63cf,2024-11-24T21:31:24.913446Z,projects/charismatic-tea-434516-a5/traces/a466834722f804cba85909ff9aeeaa8f,true
58.489025710s,HTTP/1.1,13.91.181.99,GET,261,https://fannkuch-cpp-815005680514.europe-north1.run.app/,120,216.239.34.53,200,curl/7.81.0,67439a670006a76fc3f68cd1,004940b3b8a325c53ad9695411b912a7a0f2cd4b1aabfcf601736b6f31afd8570bd16d0b1e2726726b3db9ce4390f83287303a7069b12873bfb1a0f310c89ccc1d5bc2a67f839371907050f2,projects/charismatic-tea-434516-a5/logs/run.googleapis.com%2Frequests,,2024-11-24T21:28:07.439073344Z,fannkuch-cpp,europe-north1,charismatic-tea-434516-a5,fannkuch-cpp-00008-jkq,fannkuch-cpp,cloud_run_revision,INFO,0bee5f9d9490d6a0,2024-11-24T21:27:08.934858Z,projects/charismatic-tea-434516-a5/traces/1021a9ce73d511c1e7c21d098cc8f2dc,true
58.740525592s,HTTP/1.1,52.159.141.234,GET,262,https://fannkuch-cpp-815005680514.europe-north1.run.app/,120,216.239.32.53,200,curl/7.81.0,6743963e00061c4679fb3a15,004940b3b8a325c53ad9695411b912a7a0f2cd4b1aabfcf601736b6f31afd8570bd16d0b1e2726726b3db9ce4390f83287303a7069b12873bfb1a0f310c89ccc1d5bc2a67f839371907050f2,projects/charismatic-tea-434516-a5/logs/run.googleapis.com%2Frequests,,2024-11-24T21:10:22.406322573Z,fannkuch-cpp,europe-north1,charismatic-tea-434516-a5,fannkuch-cpp-00008-jkq,fannkuch-cpp,cloud_run_revision,INFO,2f60243495193b06,2024-11-24T21:09:23.646777Z,projects/charismatic-tea-434516-a5/traces/ddf7a4e96381299d97eca1b4a6afd971,true
58.722937544s,HTTP/1.1,52.159.141.234,GET,262,https://fannkuch-cpp-815005680514.europe-north1.run.app/,120,216.239.32.53,200,curl/7.81.0,6743953e000bc5410f94da71,004940b3b8a325c53ad9695411b912a7a0f2cd4b1aabfcf601736b6f31afd8570bd16d0b1e2726726b3db9ce4390f83287303a7069b12873bfb1a0f310c89ccc1d5bc2a67f839371907050f2,projects/charismatic-tea-434516-a5/logs/run.googleapis.com%2Frequests,,2024-11-24T21:06:06.775266069Z,fannkuch-cpp,europe-north1,charismatic-tea-434516-a5,fannkuch-cpp-00008-jkq,fannkuch-cpp,cloud_run_revision,INFO,f891fca6b21c29b1,2024-11-24T21:05:08.037317Z,projects/charismatic-tea-434516-a5/traces/141ba941595fb9fdd7e9fbeff7dd241d,true
58.721202927s,HTTP/1.1,52.159.141.234,GET,263,https://fannkuch-cpp-815005680514.europe-north1.run.app/,120,216.239.34.53,200,curl/7.81.0,6743943b0004ea8af7399676,004940b3b8a325c53ad9695411b912a7a0f2cd4b1aabfcf601736b6f31afd8570bd16d0b1e2726726b3db9ce4390f83287303a7069b12873bfb1a0f310c89ccc1d5bc2a67f839371907050f2,projects/charismatic-tea-434516-a5/logs/run.googleapis.com%2Frequests,,2024-11-24T21:01:47.325903884Z,fannkuch-cpp,europe-north1,charismatic-tea-434516-a5,fannkuch-cpp-00008-jkq,fannkuch-cpp,cloud_run_revision,INFO,8414968d8329c1b0,2024-11-24T21:00:48.589191Z,projects/charismatic-tea-434516-a5/traces/6374d58702e169e2768e7c4f6a1d3b53,true
58.339869620s,HTTP/1.1,52.159.141.234,GET,263,https://fannkuch-cpp-815005680514.europe-north1.run.app/,120,216.239.34.53,200,curl/7.81.0,674393390008168a0e74c11d,004940b3b8a325c53ad9695411b912a7a0f2cd4b1aabfcf601736b6f31afd8570bd16d0b1e2726726b3db9ce4390f83287303a7069b12873bfb1a0f310c89ccc1d5bc2a67f839371907050f2,projects/charismatic-tea-434516-a5/logs/run.googleapis.com%2Frequests,,2024-11-24T20:57:29.535108480Z,fannkuch-cpp,europe-north1,charismatic-tea-434516-a5,fannkuch-cpp-00008-jkq,fannkuch-cpp,cloud_run_revision,INFO,55c91866b9f9ac34,2024-11-24T20:56:31.178305Z,projects/charismatic-tea-434516-a5/traces/07fe28f58593237a94f0046e6b0d9f18,true
58.360401556s,HTTP/1.1,52.159.141.234,GET,263,https://fannkuch-cpp-815005680514.europe-north1.run.app/,120,216.239.36.53,200,curl/7.81.0,6743923800095ad1e90f5c0b,004940b3b8a325c53ad9695411b912a7a0f2cd4b1aabfcf601736b6f31afd8570bd16d0b1e2726726b3db9ce4390f83287303a7069b12873bfb1a0f310c89ccc1d5bc2a67f839371907050f2,projects/charismatic-tea-434516-a5/logs/run.googleapis.com%2Frequests,,2024-11-24T20:53:12.625476340Z,fannkuch-cpp,europe-north1,charismatic-tea-434516-a5,fannkuch-cpp-00008-jkq,fannkuch-cpp,cloud_run_revision,INFO,73c9e8374b90bcca,2024-11-24T20:52:14.237539Z,projects/charismatic-tea-434516-a5/traces/a7d445a8a4fa3a9e219f75d102b72aa5,true
58.863707566s,HTTP/1.1,52.159.141.234,GET,263,https://fannkuch-cpp-815005680514.europe-north1.run.app/,120,216.239.36.53,200,curl/7.81.0,67439137000c7f2346a3650d,004940b3b8a325c53ad9695411b912a7a0f2cd4b1aabfcf601736b6f31afd8570bd16d0b1e2726726b3db9ce4390f83287303a7069b12873bfb1a0f310c89ccc1d5bc2a67f839371907050f2,projects/charismatic-tea-434516-a5/logs/run.googleapis.com%2Frequests,,2024-11-24T20:48:55.821552142Z,fannkuch-cpp,europe-north1,charismatic-tea-434516-a5,fannkuch-cpp-00008-jkq,fannkuch-cpp,cloud_run_revision,INFO,d4c20b6545caefdd,2024-11-24T20:47:56.943141Z,projects/charismatic-tea-434516-a5/traces/7be7f9ee6ff80594008b162962b1b23d,true
58.347606104s,HTTP/1.1,52.159.141.234,GET,263,https://fannkuch-cpp-815005680514.europe-north1.run.app/,120,216.239.32.53,200,curl/7.81.0,67439038000008c32ff8a30e,004940b3b8a325c53ad9695411b912a7a0f2cd4b1aabfcf601736b6f31afd8570bd16d0b1e2726726b3db9ce4390f83287303a7069b12873bfb1a0f310c89ccc1d5bc2a67f839371907050f2,projects/charismatic-tea-434516-a5/logs/run.googleapis.com%2Frequests,,2024-11-24T20:44:40.007351160Z,fannkuch-cpp,europe-north1,charismatic-tea-434516-a5,fannkuch-cpp-00008-jkq,fannkuch-cpp,cloud_run_revision,INFO,7aba499a76258083,2024-11-24T20:43:41.642496Z,projects/charismatic-tea-434516-a5/traces/b89ba15206071dcff1cc9fe684c9e9c1,true
58.974269623s,HTTP/1.1,52.159.141.234,GET,263,https://fannkuch-cpp-815005680514.europe-north1.run.app/,120,216.239.36.53,200,curl/7.81.0,67438f37000cd25e44769403,004940b3b8a325c53ad9695411b912a7a0f2cd4b1aabfcf601736b6f31afd8570bd16d0b1e2726726b3db9ce4390f83287303a7069b12873bfb1a0f310c89ccc1d5bc2a67f839371907050f2,projects/charismatic-tea-434516-a5/logs/run.googleapis.com%2Frequests,,2024-11-24T20:40:23.845002855Z,fannkuch-cpp,europe-north1,charismatic-tea-434516-a5,fannkuch-cpp-00008-jkq,fannkuch-cpp,cloud_run_revision,INFO,29c9c4aea49714b5,2024-11-24T20:39:24.854964Z,projects/charismatic-tea-434516-a5/traces/21d00a24f9f3afd978fe435d9c972aab,true
58.918005183s,HTTP/1.1,52.159.141.234,GET,263,https://fannkuch-cpp-815005680514.europe-north1.run.app/,120,216.239.32.53,200,curl/7.81.0,67438e3600046f36d272859a,004940b3b8a325c53ad9695411b912a7a0f2cd4b1aabfcf601736b6f31afd8570bd16d0b1e2726726b3db9ce4390f83287303a7069b12873bfb1a0f310c89ccc1d5bc2a67f839371907050f2,projects/charismatic-tea-434516-a5/logs/run.googleapis.com%2Frequests,,2024-11-24T20:36:06.293124792Z,fannkuch-cpp,europe-north1,charismatic-tea-434516-a5,fannkuch-cpp-00008-jkq,fannkuch-cpp,cloud_run_revision,INFO,07e6f47077581874,2024-11-24T20:35:07.361102Z,projects/charismatic-tea-434516-a5/traces/2feecc9137f0f2a66bb69ba0693de98f,true
58.532449481s,HTTP/1.1,52.159.141.234,GET,262,https://fannkuch-cpp-815005680514.europe-north1.run.app/,120,216.239.38.53,200,curl/7.81.0,67438d3500040aba31c5d9d2,004940b3b8a325c53ad9695411b912a7a0f2cd4b1aabfcf601736b6f31afd8570bd16d0b1e2726726b3db9ce4390f83287303a7069b12873bfb1a0f310c89ccc1d5bc2a67f839371907050f2,projects/charismatic-tea-434516-a5/logs/run.googleapis.com%2Frequests,,2024-11-24T20:31:49.267304368Z,fannkuch-cpp,europe-north1,charismatic-tea-434516-a5,fannkuch-cpp-00008-jkq,fannkuch-cpp,cloud_run_revision,INFO,031d8b19d0c152ab,2024-11-24T20:30:50.720022Z,projects/charismatic-tea-434516-a5/traces/9a7649eee9cbfefcee7c63c6f550ea56,true
58.555401880s,HTTP/1.1,172.177.131.92,GET,262,https://fannkuch-cpp-815005680514.europe-north1.run.app/,120,216.239.32.53,200,curl/7.81.0,6743865300009446200b28b9,004940b3b8a325c53ad9695411b912a7a0f2cd4b1aabfcf601736b6f31afd8570bd16d0b1e2726726b3db9ce4390f83287303a7069b12873bfb1a0f310c89ccc1d5bc2a67f839371907050f2,projects/charismatic-tea-434516-a5/logs/run.googleapis.com%2Frequests,,2024-11-24T20:02:27.042591361Z,fannkuch-cpp,europe-north1,charismatic-tea-434516-a5,fannkuch-cpp-00008-jkq,fannkuch-cpp,cloud_run_revision,INFO,fd7379b4dd348fdb,2024-11-24T20:01:28.470084Z,projects/charismatic-tea-434516-a5/traces/fc72b3df93f8f09c2243f3c2fc6365d5,true
58.412780821s,HTTP/1.1,172.177.131.92,GET,262,https://fannkuch-cpp-815005680514.europe-north1.run.app/,120,216.239.36.53,200,curl/7.81.0,67438551000d75d2a79a1a81,004940b3b8a325c53ad9695411b912a7a0f2cd4b1aabfcf601736b6f31afd8570bd16d0b1e2726726b3db9ce4390f83287303a7069b12873bfb1a0f310c89ccc1d5bc2a67f839371907050f2,projects/charismatic-tea-434516-a5/logs/run.googleapis.com%2Frequests,,2024-11-24T19:58:09.886316607Z,fannkuch-cpp,europe-north1,charismatic-tea-434516-a5,fannkuch-cpp-00008-jkq,fannkuch-cpp,cloud_run_revision,INFO,35496fbcd4300447,2024-11-24T19:57:11.456086Z,projects/charismatic-tea-434516-a5/traces/4308c3f2976e3d88be3d8a9f168baff1,true
58.439064311s,HTTP/1.1,172.177.131.92,GET,262,https://fannkuch-cpp-815005680514.europe-north1.run.app/,120,216.239.34.53,200,curl/7.81.0,67438451000c65ad6dcaf5e1,004940b3b8a325c53ad9695411b912a7a0f2cd4b1aabfcf601736b6f31afd8570bd16d0b1e2726726b3db9ce4390f83287303a7069b12873bfb1a0f310c89ccc1d5bc2a67f839371907050f2,projects/charismatic-tea-434516-a5/logs/run.googleapis.com%2Frequests,,2024-11-24T19:53:53.816100782Z,fannkuch-cpp,europe-north1,charismatic-tea-434516-a5,fannkuch-cpp-00008-jkq,fannkuch-cpp,cloud_run_revision,INFO,8d817d7503a43c44,2024-11-24T19:52:55.361667Z,projects/charismatic-tea-434516-a5/traces/d331add285ca6b13b14360a31e56b454,true
58.231492067s,HTTP/1.1,172.177.131.92,GET,263,https://fannkuch-cpp-815005680514.europe-north1.run.app/,120,216.239.34.53,200,curl/7.81.0,67438350000a74015b74993d,004940b3b8a325c53ad9695411b912a7a0f2cd4b1aabfcf601736b6f31afd8570bd16d0b1e2726726b3db9ce4390f83287303a7069b12873bfb1a0f310c89ccc1d5bc2a67f839371907050f2,projects/charismatic-tea-434516-a5/logs/run.googleapis.com%2Frequests,,2024-11-24T19:49:36.692000836Z,fannkuch-cpp,europe-north1,charismatic-tea-434516-a5,fannkuch-cpp-00008-jkq,fannkuch-cpp,cloud_run_revision,INFO,213e6c2ea37b058d,2024-11-24T19:48:38.441301Z,projects/charismatic-tea-434516-a5/traces/f6ed2ccfd5e12a68fb41501830a107ef,true
58.310128319s,HTTP/1.1,172.177.131.92,GET,262,https://fannkuch-cpp-815005680514.europe-north1.run.app/,120,216.239.38.53,200,curl/7.81.0,67438251000e5a0e3629f9f9,004940b3b8a325c53ad9695411b912a7a0f2cd4b1aabfcf601736b6f31afd8570bd16d0b1e2726726b3db9ce4390f83287303a7069b12873bfb1a0f310c89ccc1d5bc2a67f839371907050f2,projects/charismatic-tea-434516-a5/logs/run.googleapis.com%2Frequests,,2024-11-24T19:45:21.945650938Z,fannkuch-cpp,europe-north1,charismatic-tea-434516-a5,fannkuch-cpp-00008-jkq,fannkuch-cpp,cloud_run_revision,INFO,2b9f2c151bedcd8f,2024-11-24T19:44:23.618858Z,projects/charismatic-tea-434516-a5/traces/686de49f7125f16a4186509622690bec,true
58.781317101s,HTTP/1.1,172.177.131.92,GET,262,https://fannkuch-cpp-815005680514.europe-north1.run.app/,120,216.239.32.53,200,curl/7.81.0,674381530005f37bb124c003,004940b3b8a325c53ad9695411b912a7a0f2cd4b1aabfcf601736b6f31afd8570bd16d0b1e2726726b3db9ce4390f83287303a7069b12873bfb1a0f310c89ccc1d5bc2a67f839371907050f2,projects/charismatic-tea-434516-a5/logs/run.googleapis.com%2Frequests,,2024-11-24T19:41:07.394217260Z,fannkuch-cpp,europe-north1,charismatic-tea-434516-a5,fannkuch-cpp-00008-jkq,fannkuch-cpp,cloud_run_revision,INFO,d3518fa2e3613e9c,2024-11-24T19:40:08.597292Z,projects/charismatic-tea-434516-a5/traces/f75cc7de2d26410559039912523ccbd6,true
58.388136547s,HTTP/1.1,172.177.131.92,GET,262,https://fannkuch-cpp-815005680514.europe-north1.run.app/,120,216.239.34.53,200,curl/7.81.0,674380540004ee9adae4e23a,004940b3b8a325c53ad9695411b912a7a0f2cd4b1aabfcf601736b6f31afd8570bd16d0b1e2726726b3db9ce4390f83287303a7069b12873bfb1a0f310c89ccc1d5bc2a67f839371907050f2,projects/charismatic-tea-434516-a5/logs/run.googleapis.com%2Frequests,,2024-11-24T19:36:52.325671974Z,fannkuch-cpp,europe-north1,charismatic-tea-434516-a5,fannkuch-cpp-00008-jkq,fannkuch-cpp,cloud_run_revision,INFO,854ffb2f850af730,2024-11-24T19:35:53.923721Z,projects/charismatic-tea-434516-a5/traces/0144c4216336c9e812133982ce12e5b4,true
58.448787036s,HTTP/1.1,172.177.131.92,GET,262,https://fannkuch-cpp-815005680514.europe-north1.run.app/,120,216.239.34.53,200,curl/7.81.0,67437f560004bf3ca362a1ad,004940b3b8a325c53ad9695411b912a7a0f2cd4b1aabfcf601736b6f31afd8570bd16d0b1e2726726b3db9ce4390f83287303a7069b12873bfb1a0f310c89ccc1d5bc2a67f839371907050f2,projects/charismatic-tea-434516-a5/logs/run.googleapis.com%2Frequests,,2024-11-24T19:32:38.315929264Z,fannkuch-cpp,europe-north1,charismatic-tea-434516-a5,fannkuch-cpp-00008-jkq,fannkuch-cpp,cloud_run_revision,INFO,25f2331b5c9216d8,2024-11-24T19:31:39.849800Z,projects/charismatic-tea-434516-a5/traces/7d69b9f7f4f122e5317e971b0f60ce23,true
58.123054980s,HTTP/1.1,172.177.131.92,GET,263,https://fannkuch-cpp-815005680514.europe-north1.run.app/,120,216.239.36.53,200,curl/7.81.0,67437e560002eff3667ebea9,004940b3b8a325c53ad9695411b912a7a0f2cd4b1aabfcf601736b6f31afd8570bd16d0b1e2726726b3db9ce4390f83287303a7069b12873bfb1a0f310c89ccc1d5bc2a67f839371907050f2,projects/charismatic-tea-434516-a5/logs/run.googleapis.com%2Frequests,,2024-11-24T19:28:22.195389311Z,fannkuch-cpp,europe-north1,charismatic-tea-434516-a5,fannkuch-cpp-00008-jkq,fannkuch-cpp,cloud_run_revision,INFO,5761103d8c6e0ce9,2024-11-24T19:27:24.058433Z,projects/charismatic-tea-434516-a5/traces/4add57c10f4643c72cfecead7fed44c0,true
58.139430130s,HTTP/1.1,172.177.131.92,GET,262,https://fannkuch-cpp-815005680514.europe-north1.run.app/,120,216.239.38.53,200,curl/7.81.0,67437d570004982915f2a80a,004940b3b8a325c53ad9695411b912a7a0f2cd4b1aabfcf601736b6f31afd8570bd16d0b1e2726726b3db9ce4390f83287303a7069b12873bfb1a0f310c89ccc1d5bc2a67f839371907050f2,projects/charismatic-tea-434516-a5/logs/run.googleapis.com%2Frequests,,2024-11-24T19:24:07.305400692Z,fannkuch-cpp,europe-north1,charismatic-tea-434516-a5,fannkuch-cpp-00008-jkq,fannkuch-cpp,cloud_run_revision,INFO,54767cf7a712ab8c,2024-11-24T19:23:09.150149Z,projects/charismatic-tea-434516-a5/traces/d104ff4ff70ec1b08435c67ce2d61566,true
59.274088211s,HTTP/1.1,20.109.87.20,GET,262,https://fannkuch-cpp-815005680514.europe-north1.run.app/,120,216.239.38.53,200,curl/7.81.0,67437c5200023ad636432628,004940b3b8a325c53ad9695411b912a7a0f2cd4b1aabfcf601736b6f31afd8570bd16d0b1e2726726b3db9ce4390f83287303a7069b12873bfb1a0f310c89ccc1d5bc2a67f839371907050f2,projects/charismatic-tea-434516-a5/logs/run.googleapis.com%2Frequests,,2024-11-24T19:19:46.150011575Z,fannkuch-cpp,europe-north1,charismatic-tea-434516-a5,fannkuch-cpp-00008-jkq,fannkuch-cpp,cloud_run_revision,INFO,7cd58103e9d48a67,2024-11-24T19:18:46.860827Z,projects/charismatic-tea-434516-a5/traces/6d35ea77877a3d1f960d97d8eacbae5c,true
58.973170267s,HTTP/1.1,20.109.87.20,GET,262,https://fannkuch-cpp-815005680514.europe-north1.run.app/,120,216.239.38.53,200,curl/7.81.0,67437b52000ae143b5119d70,004940b3b8a325c53ad9695411b912a7a0f2cd4b1aabfcf601736b6f31afd8570bd16d0b1e2726726b3db9ce4390f83287303a7069b12873bfb1a0f310c89ccc1d5bc2a67f839371907050f2,projects/charismatic-tea-434516-a5/logs/run.googleapis.com%2Frequests,,2024-11-24T19:15:30.719400480Z,fannkuch-cpp,europe-north1,charismatic-tea-434516-a5,fannkuch-cpp-00008-jkq,fannkuch-cpp,cloud_run_revision,INFO,e9ca7668d53fcbe5,2024-11-24T19:14:31.728109Z,projects/charismatic-tea-434516-a5/traces/e3420917c3781f36606af7379d5251f3,true
58.325541833s,HTTP/1.1,20.109.87.20,GET,262,https://fannkuch-cpp-815005680514.europe-north1.run.app/,120,216.239.36.53,200,curl/7.81.0,67437a520003239e190cf635,004940b3b8a325c53ad9695411b912a7a0f2cd4b1aabfcf601736b6f31afd8570bd16d0b1e2726726b3db9ce4390f83287303a7069b12873bfb1a0f310c89ccc1d5bc2a67f839371907050f2,projects/charismatic-tea-434516-a5/logs/run.googleapis.com%2Frequests,,2024-11-24T19:11:14.209325722Z,fannkuch-cpp,europe-north1,charismatic-tea-434516-a5,fannkuch-cpp-00008-jkq,fannkuch-cpp,cloud_run_revision,INFO,1b421a6a59f5d2d7,2024-11-24T19:10:15.868645Z,projects/charismatic-tea-434516-a5/traces/a84807dbe297e634a1773171c4469794,true
58.658270739s,HTTP/1.1,20.109.87.20,GET,262,https://fannkuch-cpp-815005680514.europe-north1.run.app/,120,216.239.34.53,200,curl/7.81.0,67437952000d71e7d2dd36f1,004940b3b8a325c53ad9695411b912a7a0f2cd4b1aabfcf601736b6f31afd8570bd16d0b1e2726726b3db9ce4390f83287303a7069b12873bfb1a0f310c89ccc1d5bc2a67f839371907050f2,projects/charismatic-tea-434516-a5/logs/run.googleapis.com%2Frequests,,2024-11-24T19:06:58.886105880Z,fannkuch-cpp,europe-north1,charismatic-tea-434516-a5,fannkuch-cpp-00008-jkq,fannkuch-cpp,cloud_run_revision,INFO,0ebd8c7e2d8d7c4c,2024-11-24T19:06:00.209743Z,projects/charismatic-tea-434516-a5/traces/26a9c6ecfc2563aca7f197c117a4bbf7,true
58.788704430s,HTTP/1.1,20.109.87.20,GET,261,https://fannkuch-cpp-815005680514.europe-north1.run.app/,120,216.239.38.53,200,curl/7.81.0,67437853000c7bf1062d27ad,004940b3b8a325c53ad9695411b912a7a0f2cd4b1aabfcf601736b6f31afd8570bd16d0b1e2726726b3db9ce4390f83287303a7069b12873bfb1a0f310c89ccc1d5bc2a67f839371907050f2,projects/charismatic-tea-434516-a5/logs/run.googleapis.com%2Frequests,,2024-11-24T19:02:43.820140072Z,fannkuch-cpp,europe-north1,charismatic-tea-434516-a5,fannkuch-cpp-00008-jkq,fannkuch-cpp,cloud_run_revision,INFO,7b63c249430fa5fd,2024-11-24T19:01:45.017881Z,projects/charismatic-tea-434516-a5/traces/10bb5f96550c554ba6bb8fe7cd717760,true
58.119300841s,HTTP/1.1,20.109.87.20,GET,263,https://fannkuch-cpp-815005680514.europe-north1.run.app/,120,216.239.36.53,200,curl/7.81.0,674377540001a7e1515ad21f,004940b3b8a325c53ad9695411b912a7a0f2cd4b1aabfcf601736b6f31afd8570bd16d0b1e2726726b3db9ce4390f83287303a7069b12873bfb1a0f310c89ccc1d5bc2a67f839371907050f2,projects/charismatic-tea-434516-a5/logs/run.googleapis.com%2Frequests,,2024-11-24T18:58:28.112985065Z,fannkuch-cpp,europe-north1,charismatic-tea-434516-a5,fannkuch-cpp-00008-jkq,fannkuch-cpp,cloud_run_revision,INFO,8317280c1d070f9b,2024-11-24T18:57:29.973453Z,projects/charismatic-tea-434516-a5/traces/07c74941916b4662e3669ee753c1ca19,true
58.387386188s,HTTP/1.1,20.109.87.20,GET,262,https://fannkuch-cpp-815005680514.europe-north1.run.app/,120,216.239.32.53,200,curl/7.81.0,67437652000b7455084a542c,004940b3b8a325c53ad9695411b912a7a0f2cd4b1aabfcf601736b6f31afd8570bd16d0b1e2726726b3db9ce4390f83287303a7069b12873bfb1a0f310c89ccc1d5bc2a67f839371907050f2,projects/charismatic-tea-434516-a5/logs/run.googleapis.com%2Frequests,,2024-11-24T18:54:10.755963422Z,fannkuch-cpp,europe-north1,charismatic-tea-434516-a5,fannkuch-cpp-00008-jkq,fannkuch-cpp,cloud_run_revision,INFO,294bf6b34514ec3d,2024-11-24T18:53:12.352031Z,projects/charismatic-tea-434516-a5/traces/82b896e4bb8f93b2728f8c250b1cffea,true
58.230014585s,HTTP/1.1,20.109.87.20,GET,262,https://fannkuch-cpp-815005680514.europe-north1.run.app/,120,216.239.38.53,200,curl/7.81.0,674375530008100e595d7234,004940b3b8a325c53ad9695411b912a7a0f2cd4b1aabfcf601736b6f31afd8570bd16d0b1e2726726b3db9ce4390f83287303a7069b12873bfb1a0f310c89ccc1d5bc2a67f839371907050f2,projects/charismatic-tea-434516-a5/logs/run.googleapis.com%2Frequests,,2024-11-24T18:49:55.531975647Z,fannkuch-cpp,europe-north1,charismatic-tea-434516-a5,fannkuch-cpp-00008-jkq,fannkuch-cpp,cloud_run_revision,INFO,873ba097d0aa0469,2024-11-24T18:48:57.287778Z,projects/charismatic-tea-434516-a5/traces/e3fc21b8e35304425e520fecdde6daa2,true
58.819906135s,HTTP/1.1,20.109.87.20,GET,263,https://fannkuch-cpp-815005680514.europe-north1.run.app/,120,216.239.36.53,200,curl/7.81.0,67437454000a6dfbaa07632f,004940b3b8a325c53ad9695411b912a7a0f2cd4b1aabfcf601736b6f31afd8570bd16d0b1e2726726b3db9ce4390f83287303a7069b12873bfb1a0f310c89ccc1d5bc2a67f839371907050f2,projects/charismatic-tea-434516-a5/logs/run.googleapis.com%2Frequests,,2024-11-24T18:45:40.687391135Z,fannkuch-cpp,europe-north1,charismatic-tea-434516-a5,fannkuch-cpp-00008-jkq,fannkuch-cpp,cloud_run_revision,INFO,af2c32a11e08a9cf,2024-11-24T18:44:41.851847Z,projects/charismatic-tea-434516-a5/traces/b682efd5eebde65e2a81630554f522a4,true
58.421278015s,HTTP/1.1,20.109.87.20,GET,263,https://fannkuch-cpp-815005680514.europe-north1.run.app/,120,216.239.38.53,200,curl/7.81.0,6743735600053981e4902bf6,004940b3b8a325c53ad9695411b912a7a0f2cd4b1aabfcf601736b6f31afd8570bd16d0b1e2726726b3db9ce4390f83287303a7069b12873bfb1a0f310c89ccc1d5bc2a67f839371907050f2,projects/charismatic-tea-434516-a5/logs/run.googleapis.com%2Frequests,,2024-11-24T18:41:26.345130435Z,fannkuch-cpp,europe-north1,charismatic-tea-434516-a5,fannkuch-cpp-00008-jkq,fannkuch-cpp,cloud_run_revision,INFO,9b19c873b3e3abdd,2024-11-24T18:40:27.908592Z,projects/charismatic-tea-434516-a5/traces/3c7ccd21a7d13e20ccf99bc06769302c,true
58.602934013s,HTTP/1.1,168.61.75.130,GET,263,https://fannkuch-cpp-815005680514.europe-north1.run.app/,120,216.239.36.53,200,curl/7.81.0,67436be900030b22fac71c80,004940b3b8a325c53ad9695411b912a7a0f2cd4b1aabfcf601736b6f31afd8570bd16d0b1e2726726b3db9ce4390f83287303a7069b12873bfb1a0f310c89ccc1d5bc2a67f839371907050f2,projects/charismatic-tea-434516-a5/logs/run.googleapis.com%2Frequests,,2024-11-24T18:09:45.203276243Z,fannkuch-cpp,europe-north1,charismatic-tea-434516-a5,fannkuch-cpp-00008-jkq,fannkuch-cpp,cloud_run_revision,INFO,f7983459f06c8570,2024-11-24T18:08:46.584956Z,projects/charismatic-tea-434516-a5/traces/15c02ee74887810f21ae30c7d722f248,true
58.303351484s,HTTP/1.1,168.61.75.130,GET,261,https://fannkuch-cpp-815005680514.europe-north1.run.app/,120,216.239.36.53,200,curl/7.81.0,67436aea000139fd377bdc9f,004940b3b8a325c53ad9695411b912a7a0f2cd4b1aabfcf601736b6f31afd8570bd16d0b1e2726726b3db9ce4390f83287303a7069b12873bfb1a0f310c89ccc1d5bc2a67f839371907050f2,projects/charismatic-tea-434516-a5/logs/run.googleapis.com%2Frequests,,2024-11-24T18:05:30.083686174Z,fannkuch-cpp,europe-north1,charismatic-tea-434516-a5,fannkuch-cpp-00008-jkq,fannkuch-cpp,cloud_run_revision,INFO,25ff6399b5590356,2024-11-24T18:04:31.765422Z,projects/charismatic-tea-434516-a5/traces/92f00d19ae609cae95d7e83a451522cd,true
59.432501926s,HTTP/1.1,168.61.75.130,GET,263,https://fannkuch-cpp-815005680514.europe-north1.run.app/,120,216.239.38.53,200,curl/7.81.0,674369ea00090c6ec8d4b9ba,004940b3b8a325c53ad9695411b912a7a0f2cd4b1aabfcf601736b6f31afd8570bd16d0b1e2726726b3db9ce4390f83287303a7069b12873bfb1a0f310c89ccc1d5bc2a67f839371907050f2,projects/charismatic-tea-434516-a5/logs/run.googleapis.com%2Frequests,,2024-11-24T18:01:14.597481779Z,fannkuch-cpp,europe-north1,charismatic-tea-434516-a5,fannkuch-cpp-00008-jkq,fannkuch-cpp,cloud_run_revision,INFO,8c688563e76c5d0b,2024-11-24T18:00:15.146170Z,projects/charismatic-tea-434516-a5/traces/ba81c1531690671a23c15238291f1c0a,true
58.762208938s,HTTP/1.1,168.61.75.130,GET,263,https://fannkuch-cpp-815005680514.europe-north1.run.app/,120,216.239.32.53,200,curl/7.81.0,674368e8000c62c52e42efab,004940b3b8a325c53ad9695411b912a7a0f2cd4b1aabfcf601736b6f31afd8570bd16d0b1e2726726b3db9ce4390f83287303a7069b12873bfb1a0f310c89ccc1d5bc2a67f839371907050f2,projects/charismatic-tea-434516-a5/logs/run.googleapis.com%2Frequests,,2024-11-24T17:56:56.816126374Z,fannkuch-cpp,europe-north1,charismatic-tea-434516-a5,fannkuch-cpp-00008-jkq,fannkuch-cpp,cloud_run_revision,INFO,813e4aab742ad05f,2024-11-24T17:55:58.037933Z,projects/charismatic-tea-434516-a5/traces/397876fc91fd244bbb49212dba577cdc,true
58.567462488s,HTTP/1.1,168.61.75.130,GET,262,https://fannkuch-cpp-815005680514.europe-north1.run.app/,120,216.239.36.53,200,curl/7.81.0,674367e9000ee0e1ed13a05f,004940b3b8a325c53ad9695411b912a7a0f2cd4b1aabfcf601736b6f31afd8570bd16d0b1e2726726b3db9ce4390f83287303a7069b12873bfb1a0f310c89ccc1d5bc2a67f839371907050f2,projects/charismatic-tea-434516-a5/logs/run.googleapis.com%2Frequests,,2024-11-24T17:52:41.979554313Z,fannkuch-cpp,europe-north1,charismatic-tea-434516-a5,fannkuch-cpp-00008-jkq,fannkuch-cpp,cloud_run_revision,INFO,41c7d76afdcfb74a,2024-11-24T17:51:43.396705Z,projects/charismatic-tea-434516-a5/traces/ce9fe874851ac5069cb8eb4605fb36bd,true
58.333748362s,HTTP/1.1,168.61.75.130,GET,263,https://fannkuch-cpp-815005680514.europe-north1.run.app/,120,216.239.38.53,200,curl/7.81.0,674366e6000e476a210eefb5,004940b3b8a325c53ad9695411b912a7a0f2cd4b1aabfcf601736b6f31afd8570bd16d0b1e2726726b3db9ce4390f83287303a7069b12873bfb1a0f310c89ccc1d5bc2a67f839371907050f2,projects/charismatic-tea-434516-a5/logs/run.googleapis.com%2Frequests,,2024-11-24T17:48:22.940954481Z,fannkuch-cpp,europe-north1,charismatic-tea-434516-a5,fannkuch-cpp-00008-jkq,fannkuch-cpp,cloud_run_revision,INFO,1f6ad7d80f5b0259,2024-11-24T17:47:24.585555Z,projects/charismatic-tea-434516-a5/traces/61a125d0249945af7c86f4d9fc8fbcbe,true
58.395500783s,HTTP/1.1,168.61.75.130,GET,262,https://fannkuch-cpp-815005680514.europe-north1.run.app/,120,216.239.32.53,200,curl/7.81.0,674365e80006df534e542889,004940b3b8a325c53ad9695411b912a7a0f2cd4b1aabfcf601736b6f31afd8570bd16d0b1e2726726b3db9ce4390f83287303a7069b12873bfb1a0f310c89ccc1d5bc2a67f839371907050f2,projects/charismatic-tea-434516-a5/logs/run.googleapis.com%2Frequests,,2024-11-24T17:44:08.455148830Z,fannkuch-cpp,europe-north1,charismatic-tea-434516-a5,fannkuch-cpp-00008-jkq,fannkuch-cpp,cloud_run_revision,INFO,5ceafdde7d01d180,2024-11-24T17:43:10.043272Z,projects/charismatic-tea-434516-a5/traces/f8603bdf4b24af4823ad7be3d76f2e1e,true
58.483398656s,HTTP/1.1,168.61.75.130,GET,263,https://fannkuch-cpp-815005680514.europe-north1.run.app/,120,216.239.34.53,200,curl/7.81.0,674364e8000dd12bfce22edd,004940b3b8a325c53ad9695411b912a7a0f2cd4b1aabfcf601736b6f31afd8570bd16d0b1e2726726b3db9ce4390f83287303a7069b12873bfb1a0f310c89ccc1d5bc2a67f839371907050f2,projects/charismatic-tea-434516-a5/logs/run.googleapis.com%2Frequests,,2024-11-24T17:39:52.908762937Z,fannkuch-cpp,europe-north1,charismatic-tea-434516-a5,fannkuch-cpp-00008-jkq,fannkuch-cpp,cloud_run_revision,INFO,271d32a23d0cf4fe,2024-11-24T17:38:54.409946Z,projects/charismatic-tea-434516-a5/traces/0eb60f64e3784fd000729c3984c8f52f,true
58.418959594s,HTTP/1.1,168.61.75.130,GET,262,https://fannkuch-cpp-815005680514.europe-north1.run.app/,120,216.239.32.53,200,curl/7.81.0,674363e70005aa92e03c0368,004940b3b8a325c53ad9695411b912a7a0f2cd4b1aabfcf601736b6f31afd8570bd16d0b1e2726726b3db9ce4390f83287303a7069b12873bfb1a0f310c89ccc1d5bc2a67f839371907050f2,projects/charismatic-tea-434516-a5/logs/run.googleapis.com%2Frequests,,2024-11-24T17:35:35.373825059Z,fannkuch-cpp,europe-north1,charismatic-tea-434516-a5,fannkuch-cpp-00008-jkq,fannkuch-cpp,cloud_run_revision,INFO,e5354ec949559e81,2024-11-24T17:34:36.940479Z,projects/charismatic-tea-434516-a5/traces/b8d04ffe21ab7cfa45d10c2154251fab,true
58.372468890s,HTTP/1.1,168.61.75.130,GET,262,https://fannkuch-cpp-815005680514.europe-north1.run.app/,120,216.239.34.53,200,curl/7.81.0,674362e70008c3246494fe5d,004940b3b8a325c53ad9695411b912a7a0f2cd4b1aabfcf601736b6f31afd8570bd16d0b1e2726726b3db9ce4390f83287303a7069b12873bfb1a0f310c89ccc1d5bc2a67f839371907050f2,projects/charismatic-tea-434516-a5/logs/run.googleapis.com%2Frequests,,2024-11-24T17:31:19.579711127Z,fannkuch-cpp,europe-north1,charismatic-tea-434516-a5,fannkuch-cpp-00008-jkq,fannkuch-cpp,cloud_run_revision,INFO,a297e6777d03b037,2024-11-24T17:30:21.189795Z,projects/charismatic-tea-434516-a5/traces/d236535f3199ef6b957cfffdbdb68e3d,true
58.352856427s,HTTP/1.1,4.236.151.134,GET,263,https://fannkuch-cpp-815005680514.europe-north1.run.app/,120,216.239.32.53,200,curl/7.81.0,67435a91000838593fdd2f71,004940b3b8a325c53ad9695411b912a7a0f2cd4b1aabfcf601736b6f31afd8570bd16d0b1e2726726b3db9ce4390f83287303a7069b12873bfb1a0f310c89ccc1d5bc2a67f839371907050f2,projects/charismatic-tea-434516-a5/logs/run.googleapis.com%2Frequests,,2024-11-24T16:55:45.543482256Z,fannkuch-cpp,europe-north1,charismatic-tea-434516-a5,fannkuch-cpp-00008-jkq,fannkuch-cpp,cloud_run_revision,INFO,71bce61d5eebff22,2024-11-24T16:54:47.174016Z,projects/charismatic-tea-434516-a5/traces/4055d58d91f9accd7ed9bf233f297917,true
58.345809193s,HTTP/1.1,4.236.151.134,GET,262,https://fannkuch-cpp-815005680514.europe-north1.run.app/,120,216.239.38.53,200,curl/7.81.0,6743599400027ab705635a18,004940b3b8a325c53ad9695411b912a7a0f2cd4b1aabfcf601736b6f31afd8570bd16d0b1e2726726b3db9ce4390f83287303a7069b12873bfb1a0f310c89ccc1d5bc2a67f839371907050f2,projects/charismatic-tea-434516-a5/logs/run.googleapis.com%2Frequests,,2024-11-24T16:51:32.168518097Z,fannkuch-cpp,europe-north1,charismatic-tea-434516-a5,fannkuch-cpp-00008-jkq,fannkuch-cpp,cloud_run_revision,INFO,9cde45217e1bbb11,2024-11-24T16:50:33.804510Z,projects/charismatic-tea-434516-a5/traces/38c8f332284932ce1b97c27a4faab703,true
58.209396450s,HTTP/1.1,4.236.151.134,GET,262,https://fannkuch-cpp-815005680514.europe-north1.run.app/,120,216.239.36.53,200,curl/7.81.0,6743589200041d415932f867,004940b3b8a325c53ad9695411b912a7a0f2cd4b1aabfcf601736b6f31afd8570bd16d0b1e2726726b3db9ce4390f83287303a7069b12873bfb1a0f310c89ccc1d5bc2a67f839371907050f2,projects/charismatic-tea-434516-a5/logs/run.googleapis.com%2Frequests,,2024-11-24T16:47:14.275356856Z,fannkuch-cpp,europe-north1,charismatic-tea-434516-a5,fannkuch-cpp-00008-jkq,fannkuch-cpp,cloud_run_revision,INFO,a4683dfee86032ce,2024-11-24T16:46:16.048953Z,projects/charismatic-tea-434516-a5/traces/e47caf35e1fb957198f504421cfd0d62,true
58.505017356s,HTTP/1.1,4.236.151.134,GET,262,https://fannkuch-cpp-815005680514.europe-north1.run.app/,120,216.239.38.53,200,curl/7.81.0,67435793000a15d9f76f4eef,004940b3b8a325c53ad9695411b912a7a0f2cd4b1aabfcf601736b6f31afd8570bd16d0b1e2726726b3db9ce4390f83287303a7069b12873bfb1a0f310c89ccc1d5bc2a67f839371907050f2,projects/charismatic-tea-434516-a5/logs/run.googleapis.com%2Frequests,,2024-11-24T16:42:59.664176254Z,fannkuch-cpp,europe-north1,charismatic-tea-434516-a5,fannkuch-cpp-00008-jkq,fannkuch-cpp,cloud_run_revision,INFO,30e90d30acef2f03,2024-11-24T16:42:01.145264Z,projects/charismatic-tea-434516-a5/traces/4a73114360460f80f540a5007d954b86,true
58.709131219s,HTTP/1.1,4.236.151.134,GET,262,https://fannkuch-cpp-815005680514.europe-north1.run.app/,120,216.239.38.53,200,curl/7.81.0,67435694000cf5f2bd6810a6,004940b3b8a325c53ad9695411b912a7a0f2cd4b1aabfcf601736b6f31afd8570bd16d0b1e2726726b3db9ce4390f83287303a7069b12873bfb1a0f310c89ccc1d5bc2a67f839371907050f2,projects/charismatic-tea-434516-a5/logs/run.googleapis.com%2Frequests,,2024-11-24T16:38:44.855507149Z,fannkuch-cpp,europe-north1,charismatic-tea-434516-a5,fannkuch-cpp-00008-jkq,fannkuch-cpp,cloud_run_revision,INFO,a68200a22e90e4df,2024-11-24T16:37:46.128499Z,projects/charismatic-tea-434516-a5/traces/203de2c46fdd0461d562b01105488741,true
59.424354071s,HTTP/1.1,4.236.151.134,GET,263,https://fannkuch-cpp-815005680514.europe-north1.run.app/,120,216.239.38.53,200,curl/7.81.0,674355940005ea4a2704dd38,004940b3b8a325c53ad9695411b912a7a0f2cd4b1aabfcf601736b6f31afd8570bd16d0b1e2726726b3db9ce4390f83287303a7069b12873bfb1a0f310c89ccc1d5bc2a67f839371907050f2,projects/charismatic-tea-434516-a5/logs/run.googleapis.com%2Frequests,,2024-11-24T16:34:28.393082895Z,fannkuch-cpp,europe-north1,charismatic-tea-434516-a5,fannkuch-cpp-00008-jkq,fannkuch-cpp,cloud_run_revision,INFO,4addb149906ba5d6,2024-11-24T16:33:28.951408Z,projects/charismatic-tea-434516-a5/traces/474af6ebc217f376d77dc88e6af97d9a,true