httpRequest.latency,httpRequest.protocol,httpRequest.referer,httpRequest.remoteIp,httpRequest.requestMethod,httpRequest.requestSize,httpRequest.requestUrl,httpRequest.responseSize,httpRequest.serverIp,httpRequest.status,httpRequest.userAgent,insertId,labels.instanceId,logName,receiveLocation,receiveTimestamp,resource.labels.configuration_name,resource.labels.location,resource.labels.project_id,resource.labels.revision_name,resource.labels.service_name,resource.type,severity,spanId,timestamp,trace,traceSampled
41.892852075s,HTTP/1.1,,172.200.182.156,GET,261,https://fannkuch-go-815005680514.europe-north1.run.app/,127,216.239.32.53,200,curl/7.81.0,67442f56000ad8ce1f9c731b,004940b3b82ee3a4dd631a6afb52e76af8c50a14b27f059c942bbadd7dcad4adfce662c9c2ef48b17c97adf701e01c26fb90454d43bcfcc67a19dc63d733fa29ac626900ad859c68f501d5b620,projects/charismatic-tea-434516-a5/logs/run.googleapis.com%2Frequests,,2024-11-25T08:03:34.713711125Z,fannkuch-go,europe-north1,charismatic-tea-434516-a5,fannkuch-go-00006-tds,fannkuch-go,cloud_run_revision,INFO,353d5cc123b0ba80,2024-11-25T08:02:52.809096Z,projects/charismatic-tea-434516-a5/traces/afc83eac31f368c5917f054b56403f29,true
41.487505960s,HTTP/1.1,,172.200.182.156,GET,260,https://fannkuch-go-815005680514.europe-north1.run.app/,127,216.239.38.53,200,curl/7.81.0,67442e57000041e279df4879,004940b3b82ee3a4dd631a6afb52e76af8c50a14b27f059c942bbadd7dcad4adfce662c9c2ef48b17c97adf701e01c26fb90454d43bcfcc67a19dc63d733fa29ac626900ad859c68f501d5b620,projects/charismatic-tea-434516-a5/logs/run.googleapis.com%2Frequests,,2024-11-25T07:59:19.018803871Z,fannkuch-go,europe-north1,charismatic-tea-434516-a5,fannkuch-go-00006-tds,fannkuch-go,cloud_run_revision,INFO,dfd4a876229b01e8,2024-11-25T07:58:37.519161Z,projects/charismatic-tea-434516-a5/traces/41a57298bc9ae80238ce7c43e5dad50b,true
42.049983644s,HTTP/1.1,,172.200.182.156,GET,261,https://fannkuch-go-815005680514.europe-north1.run.app/,127,216.239.32.53,200,curl/7.81.0,67442d5600085e92cf9811ec,004940b3b82ee3a4dd631a6afb52e76af8c50a14b27f059c942bbadd7dcad4adfce662c9c2ef48b17c97adf701e01c26fb90454d43bcfcc67a19dc63d733fa29ac626900ad859c68f501d5b620,projects/charismatic-tea-434516-a5/logs/run.googleapis.com%2Frequests,,2024-11-25T07:55:02.551734926Z,fannkuch-go,europe-north1,charismatic-tea-434516-a5,fannkuch-go-00006-tds,fannkuch-go,cloud_run_revision,INFO,5bd0de1366702583,2024-11-25T07:54:20.484865Z,projects/charismatic-tea-434516-a5/traces/1cd83cdf92a17ce96a2e1e344b5544e4,true
42.831703330s,HTTP/1.1,,172.200.182.156,GET,259,https://fannkuch-go-815005680514.europe-north1.run.app/,127,216.239.32.53,200,curl/7.81.0,67442c55000662856b92a25e,004940b3b82ee3a4dd631a6afb52e76af8c50a14b27f059c942bbadd7dcad4adfce662c9c2ef48b17c97adf701e01c26fb90454d43bcfcc67a19dc63d733fa29ac626900ad859c68f501d5b620,projects/charismatic-tea-434516-a5/logs/run.googleapis.com%2Frequests,,2024-11-25T07:50:45.423283618Z,fannkuch-go,europe-north1,charismatic-tea-434516-a5,fannkuch-go-00006-tds,fannkuch-go,cloud_run_revision,INFO,4e98a43de8db45cb,2024-11-25T07:50:02.577582Z,projects/charismatic-tea-434516-a5/traces/0211fa2d96c45d1af99c67ef61d6e0c2,true
40.573488663s,HTTP/1.1,,172.200.182.156,GET,260,https://fannkuch-go-815005680514.europe-north1.run.app/,127,216.239.36.53,200,curl/7.81.0,67442b5400032bc03efa2d93,004940b3b82ee3a4dd631a6afb52e76af8c50a14b27f059c942bbadd7dcad4adfce662c9c2ef48b17c97adf701e01c26fb90454d43bcfcc67a19dc63d733fa29ac626900ad859c68f501d5b620,projects/charismatic-tea-434516-a5/logs/run.googleapis.com%2Frequests,,2024-11-25T07:46:28.210102461Z,fannkuch-go,europe-north1,charismatic-tea-434516-a5,fannkuch-go-00006-tds,fannkuch-go,cloud_run_revision,INFO,a0606a4e106d775f,2024-11-25T07:45:47.624586Z,projects/charismatic-tea-434516-a5/traces/bd101c257e12d4f8451daf818273d0a9,true
41.069463169s,HTTP/1.1,,172.200.182.156,GET,261,https://fannkuch-go-815005680514.europe-north1.run.app/,127,216.239.36.53,200,curl/7.81.0,67442a54000c266882232830,004940b3b82ee3a4dd631a6afb52e76af8c50a14b27f059c942bbadd7dcad4adfce662c9c2ef48b17c97adf701e01c26fb90454d43bcfcc67a19dc63d733fa29ac626900ad859c68f501d5b620,projects/charismatic-tea-434516-a5/logs/run.googleapis.com%2Frequests,,2024-11-25T07:42:12.801501790Z,fannkuch-go,europe-north1,charismatic-tea-434516-a5,fannkuch-go-00006-tds,fannkuch-go,cloud_run_revision,INFO,1524415c75d14d7f,2024-11-25T07:41:31.710792Z,projects/charismatic-tea-434516-a5/traces/44a1f512d32de91fffead211e542f149,true
41.092187649s,HTTP/1.1,,172.200.182.156,GET,261,https://fannkuch-go-815005680514.europe-north1.run.app/,127,216.239.34.53,200,curl/7.81.0,67442954000bc24bb92bc3d9,004940b3b82ee3a4dd631a6afb52e76af8c50a14b27f059c942bbadd7dcad4adfce662c9c2ef48b17c97adf701e01c26fb90454d43bcfcc67a19dc63d733fa29ac626900ad859c68f501d5b620,projects/charismatic-tea-434516-a5/logs/run.googleapis.com%2Frequests,,2024-11-25T07:37:56.775009625Z,fannkuch-go,europe-north1,charismatic-tea-434516-a5,fannkuch-go-00006-tds,fannkuch-go,cloud_run_revision,INFO,53ab3ca34ded1935,2024-11-25T07:37:15.669243Z,projects/charismatic-tea-434516-a5/traces/31a723df6cdd0f85d9e9fd67fa01bf91,true
41.161063999s,HTTP/1.1,,172.200.182.156,GET,260,https://fannkuch-go-815005680514.europe-north1.run.app/,127,216.239.32.53,200,curl/7.81.0,67442854000a9aee7c74c9df,004940b3b82ee3a4dd631a6afb52e76af8c50a14b27f059c942bbadd7dcad4adfce662c9c2ef48b17c97adf701e01c26fb90454d43bcfcc67a19dc63d733fa29ac626900ad859c68f501d5b620,projects/charismatic-tea-434516-a5/logs/run.googleapis.com%2Frequests,,2024-11-25T07:33:40.700551782Z,fannkuch-go,europe-north1,charismatic-tea-434516-a5,fannkuch-go-00006-tds,fannkuch-go,cloud_run_revision,INFO,eeff8292b7b014cb,2024-11-25T07:32:59.523958Z,projects/charismatic-tea-434516-a5/traces/b976751f6c1559a11eac199451419163,true
42.616115332s,HTTP/1.1,,168.62.241.127,GET,260,https://fannkuch-go-815005680514.europe-north1.run.app/,127,216.239.34.53,200,curl/7.81.0,67442763000bab10ed348304,004940b3b82ee3a4dd631a6afb52e76af8c50a14b27f059c942bbadd7dcad4adfce662c9c2ef48b17c97adf701e01c26fb90454d43bcfcc67a19dc63d733fa29ac626900ad859c68f501d5b620,projects/charismatic-tea-434516-a5/logs/run.googleapis.com%2Frequests,,2024-11-25T07:29:39.767114424Z,fannkuch-go,europe-north1,charismatic-tea-434516-a5,fannkuch-go-00006-tds,fannkuch-go,cloud_run_revision,INFO,af22d3411ccb77ee,2024-11-25T07:28:57.138166Z,projects/charismatic-tea-434516-a5/traces/7775ac355f7de1bcdccc2f40f11c79a3,true
41.965101696s,HTTP/1.1,,168.62.241.127,GET,261,https://fannkuch-go-815005680514.europe-north1.run.app/,127,216.239.32.53,200,curl/7.81.0,6744266200061a4c6a81174b,004940b3b82ee3a4dd631a6afb52e76af8c50a14b27f059c942bbadd7dcad4adfce662c9c2ef48b17c97adf701e01c26fb90454d43bcfcc67a19dc63d733fa29ac626900ad859c68f501d5b620,projects/charismatic-tea-434516-a5/logs/run.googleapis.com%2Frequests,,2024-11-25T07:25:22.402253264Z,fannkuch-go,europe-north1,charismatic-tea-434516-a5,fannkuch-go-00006-tds,fannkuch-go,cloud_run_revision,INFO,d0475ab783ad28c9,2024-11-25T07:24:40.423636Z,projects/charismatic-tea-434516-a5/traces/f758e5ebecb965e20b58344eb9cad36d,true
42.179705727s,HTTP/1.1,,168.62.241.127,GET,261,https://fannkuch-go-815005680514.europe-north1.run.app/,127,216.239.38.53,200,curl/7.81.0,67442561000a1818f8aafbb9,004940b3b82ee3a4dd631a6afb52e76af8c50a14b27f059c942bbadd7dcad4adfce662c9c2ef48b17c97adf701e01c26fb90454d43bcfcc67a19dc63d733fa29ac626900ad859c68f501d5b620,projects/charismatic-tea-434516-a5/logs/run.googleapis.com%2Frequests,,2024-11-25T07:21:05.665674386Z,fannkuch-go,europe-north1,charismatic-tea-434516-a5,fannkuch-go-00006-tds,fannkuch-go,cloud_run_revision,INFO,abbfe154bbba3784,2024-11-25T07:20:23.472883Z,projects/charismatic-tea-434516-a5/traces/34d84a1cf3cb5a6764d8744cf319a93b,true
41.823159255s,HTTP/1.1,,168.62.241.127,GET,260,https://fannkuch-go-815005680514.europe-north1.run.app/,127,216.239.32.53,200,curl/7.81.0,6744245f000ec8030f3d4d57,004940b3b82ee3a4dd631a6afb52e76af8c50a14b27f059c942bbadd7dcad4adfce662c9c2ef48b17c97adf701e01c26fb90454d43bcfcc67a19dc63d733fa29ac626900ad859c68f501d5b620,projects/charismatic-tea-434516-a5/logs/run.googleapis.com%2Frequests,,2024-11-25T07:16:47.973622537Z,fannkuch-go,europe-north1,charismatic-tea-434516-a5,fannkuch-go-00006-tds,fannkuch-go,cloud_run_revision,INFO,67787f7d637c9762,2024-11-25T07:16:06.134449Z,projects/charismatic-tea-434516-a5/traces/febf0da056f4e7ce8fa2199a1db81eb8,true
40.302324745s,HTTP/1.1,,168.62.241.127,GET,260,https://fannkuch-go-815005680514.europe-north1.run.app/,127,216.239.32.53,200,curl/7.81.0,6744235f000055aa2a4dc1f9,004940b3b82ee3a4dd631a6afb52e76af8c50a14b27f059c942bbadd7dcad4adfce662c9c2ef48b17c97adf701e01c26fb90454d43bcfcc67a19dc63d733fa29ac626900ad859c68f501d5b620,projects/charismatic-tea-434516-a5/logs/run.googleapis.com%2Frequests,,2024-11-25T07:12:31.024613388Z,fannkuch-go,europe-north1,charismatic-tea-434516-a5,fannkuch-go-00006-tds,fannkuch-go,cloud_run_revision,INFO,224377960b30bcdf,2024-11-25T07:11:50.709113Z,projects/charismatic-tea-434516-a5/traces/7153010703cf972b33a1fee03202abe4,true
42.306348627s,HTTP/1.1,,168.62.241.127,GET,260,https://fannkuch-go-815005680514.europe-north1.run.app/,127,216.239.32.53,200,curl/7.81.0,6744225f000eb3176e79fd53,004940b3b82ee3a4dd631a6afb52e76af8c50a14b27f059c942bbadd7dcad4adfce662c9c2ef48b17c97adf701e01c26fb90454d43bcfcc67a19dc63d733fa29ac626900ad859c68f501d5b620,projects/charismatic-tea-434516-a5/logs/run.googleapis.com%2Frequests,,2024-11-25T07:08:15.968039382Z,fannkuch-go,europe-north1,charismatic-tea-434516-a5,fannkuch-go-00006-tds,fannkuch-go,cloud_run_revision,INFO,97a0e72752c2ee6f,2024-11-25T07:07:33.648453Z,projects/charismatic-tea-434516-a5/traces/60ad7ff0ce6aae36a0d95bcebc1a2de7,true
41.093982666s,HTTP/1.1,,168.62.241.127,GET,261,https://fannkuch-go-815005680514.europe-north1.run.app/,127,216.239.38.53,200,curl/7.81.0,6744215f00031353b3949833,004940b3b82ee3a4dd631a6afb52e76af8c50a14b27f059c942bbadd7dcad4adfce662c9c2ef48b17c97adf701e01c26fb90454d43bcfcc67a19dc63d733fa29ac626900ad859c68f501d5b620,projects/charismatic-tea-434516-a5/logs/run.googleapis.com%2Frequests,,2024-11-25T07:03:59.205364911Z,fannkuch-go,europe-north1,charismatic-tea-434516-a5,fannkuch-go-00006-tds,fannkuch-go,cloud_run_revision,INFO,2cb976158aa8a644,2024-11-25T07:03:18.096967Z,projects/charismatic-tea-434516-a5/traces/b8e4b4a842a28929770a4c96f3501784,true
43.200576794s,HTTP/1.1,,168.62.241.127,GET,260,https://fannkuch-go-815005680514.europe-north1.run.app/,127,216.239.38.53,200,curl/7.81.0,6744205e000bb7384760dc49,004940b3b82ee3a4dd631a6afb52e76af8c50a14b27f059c942bbadd7dcad4adfce662c9c2ef48b17c97adf701e01c26fb90454d43bcfcc67a19dc63d733fa29ac626900ad859c68f501d5b620,projects/charismatic-tea-434516-a5/logs/run.googleapis.com%2Frequests,,2024-11-25T06:59:42.773444865Z,fannkuch-go,europe-north1,charismatic-tea-434516-a5,fannkuch-go-00006-tds,fannkuch-go,cloud_run_revision,INFO,d28f541abc7648d4,2024-11-25T06:58:59.557416Z,projects/charismatic-tea-434516-a5/traces/86cd75555529b0b978460d80e9378327,true
42.678833161s,HTTP/1.1,,168.62.241.127,GET,261,https://fannkuch-go-815005680514.europe-north1.run.app/,127,216.239.32.53,200,curl/7.81.0,67441f5c00086acf1717b4f3,004940b3b82ee3a4dd631a6afb52e76af8c50a14b27f059c942bbadd7dcad4adfce662c9c2ef48b17c97adf701e01c26fb90454d43bcfcc67a19dc63d733fa29ac626900ad859c68f501d5b620,projects/charismatic-tea-434516-a5/logs/run.googleapis.com%2Frequests,,2024-11-25T06:55:24.556545006Z,fannkuch-go,europe-north1,charismatic-tea-434516-a5,fannkuch-go-00006-tds,fannkuch-go,cloud_run_revision,INFO,a71b24075bf23bee,2024-11-25T06:54:41.861343Z,projects/charismatic-tea-434516-a5/traces/d4c6c462a873e6d07e3b9e4ce8428d6d,true
42.830139448s,HTTP/1.1,,168.62.241.127,GET,261,https://fannkuch-go-815005680514.europe-north1.run.app/,127,216.239.32.53,200,curl/7.81.0,67441e5a000deb7459e932c6,004940b3b82ee3a4dd631a6afb52e76af8c50a14b27f059c942bbadd7dcad4adfce662c9c2ef48b17c97adf701e01c26fb90454d43bcfcc67a19dc63d733fa29ac626900ad859c68f501d5b620,projects/charismatic-tea-434516-a5/logs/run.googleapis.com%2Frequests,,2024-11-25T06:51:06.917505738Z,fannkuch-go,europe-north1,charismatic-tea-434516-a5,fannkuch-go-00006-tds,fannkuch-go,cloud_run_revision,INFO,f97bfe5caa7ba100,2024-11-25T06:50:24.071479Z,projects/charismatic-tea-434516-a5/traces/444716486715ba24ea4cdc9a300377e1,true
41.992987715s,HTTP/1.1,,172.183.210.137,GET,260,https://fannkuch-go-815005680514.europe-north1.run.app/,127,216.239.36.53,200,curl/7.81.0,674416a3000578e9497443ca,004940b3b82ee3a4dd631a6afb52e76af8c50a14b27f059c942bbadd7dcad4adfce662c9c2ef48b17c97adf701e01c26fb90454d43bcfcc67a19dc63d733fa29ac626900ad859c68f501d5b620,projects/charismatic-tea-434516-a5/logs/run.googleapis.com%2Frequests,,2024-11-25T06:18:11.363053417Z,fannkuch-go,europe-north1,charismatic-tea-434516-a5,fannkuch-go-00006-tds,fannkuch-go,cloud_run_revision,INFO,57ba60d2e02fc70f,2024-11-25T06:17:29.356527Z,projects/charismatic-tea-434516-a5/traces/8384f2e258681f02a894f5e8598e81e8,true
39.830580284s,HTTP/1.1,,172.183.210.137,GET,261,https://fannkuch-go-815005680514.europe-north1.run.app/,127,216.239.34.53,200,curl/7.81.0,674415a2000673c98403d23e,004940b3b82ee3a4dd631a6afb52e76af8c50a14b27f059c942bbadd7dcad4adfce662c9c2ef48b17c97adf701e01c26fb90454d43bcfcc67a19dc63d733fa29ac626900ad859c68f501d5b620,projects/charismatic-tea-434516-a5/logs/run.googleapis.com%2Frequests,,2024-11-25T06:13:54.426179282Z,fannkuch-go,europe-north1,charismatic-tea-434516-a5,fannkuch-go-00006-tds,fannkuch-go,cloud_run_revision,INFO,1a81286aa97fd256,2024-11-25T06:13:14.582477Z,projects/charismatic-tea-434516-a5/traces/406a3d31916a6cfd2c3ea0cd468fdcc4,true
39.307249227s,HTTP/1.1,,172.183.210.137,GET,260,https://fannkuch-go-815005680514.europe-north1.run.app/,127,216.239.38.53,200,curl/7.81.0,674414a4000181dd6f1ec789,004940b3b82ee3a4dd631a6afb52e76af8c50a14b27f059c942bbadd7dcad4adfce662c9c2ef48b17c97adf701e01c26fb90454d43bcfcc67a19dc63d733fa29ac626900ad859c68f501d5b620,projects/charismatic-tea-434516-a5/logs/run.googleapis.com%2Frequests,,2024-11-25T06:09:40.104180457Z,fannkuch-go,europe-north1,charismatic-tea-434516-a5,fannkuch-go-00006-tds,fannkuch-go,cloud_run_revision,INFO,d0f24675c0f5cd8b,2024-11-25T06:09:00.782787Z,projects/charismatic-tea-434516-a5/traces/108ec237c81a893e449911ba1d0a22a8,true
40.852416416s,HTTP/1.1,,172.183.210.137,GET,261,https://fannkuch-go-815005680514.europe-north1.run.app/,127,216.239.34.53,200,curl/7.81.0,674413a60009e865b44e94c8,004940b3b82ee3a4dd631a6afb52e76af8c50a14b27f059c942bbadd7dcad4adfce662c9c2ef48b17c97adf701e01c26fb90454d43bcfcc67a19dc63d733fa29ac626900ad859c68f501d5b620,projects/charismatic-tea-434516-a5/logs/run.googleapis.com%2Frequests,,2024-11-25T06:05:26.652268978Z,fannkuch-go,europe-north1,charismatic-tea-434516-a5,fannkuch-go-00006-tds,fannkuch-go,cloud_run_revision,INFO,c761dd801ceb0abb,2024-11-25T06:04:45.787744Z,projects/charismatic-tea-434516-a5/traces/c2afd074ef607e2ce64e53824c8778f0,true
40.978110043s,HTTP/1.1,,172.183.210.137,GET,260,https://fannkuch-go-815005680514.europe-north1.run.app/,127,216.239.34.53,200,curl/7.81.0,674412a70001aab9dce6ac2c,004940b3b82ee3a4dd631a6afb52e76af8c50a14b27f059c942bbadd7dcad4adfce662c9c2ef48b17c97adf701e01c26fb90454d43bcfcc67a19dc63d733fa29ac626900ad859c68f501d5b620,projects/charismatic-tea-434516-a5/logs/run.googleapis.com%2Frequests,,2024-11-25T06:01:11.114155354Z,fannkuch-go,europe-north1,charismatic-tea-434516-a5,fannkuch-go-00006-tds,fannkuch-go,cloud_run_revision,INFO,426e65fde13cf86a,2024-11-25T06:00:30.121106Z,projects/charismatic-tea-434516-a5/traces/97b94180bcb0864826ab078564aee744,true
40.500734548s,HTTP/1.1,,172.183.210.137,GET,261,https://fannkuch-go-815005680514.europe-north1.run.app/,127,216.239.32.53,200,curl/7.81.0,674411a600001b7eeb1f2d67,004940b3b82ee3a4dd631a6afb52e76af8c50a14b27f059c942bbadd7dcad4adfce662c9c2ef48b17c97adf701e01c26fb90454d43bcfcc67a19dc63d733fa29ac626900ad859c68f501d5b620,projects/charismatic-tea-434516-a5/logs/run.googleapis.com%2Frequests,,2024-11-25T05:56:54.011730244Z,fannkuch-go,europe-north1,charismatic-tea-434516-a5,fannkuch-go-00006-tds,fannkuch-go,cloud_run_revision,INFO,85a5f80eea316193,2024-11-25T05:56:13.496387Z,projects/charismatic-tea-434516-a5/traces/b1f2ee384a48c6041e5bf540ef32d249,true
40.690605935s,HTTP/1.1,,172.183.210.137,GET,261,https://fannkuch-go-815005680514.europe-north1.run.app/,127,216.239.38.53,200,curl/7.81.0,674410a6000ae2154563c483,004940b3b82ee3a4dd631a6afb52e76af8c50a14b27f059c942bbadd7dcad4adfce662c9c2ef48b17c97adf701e01c26fb90454d43bcfcc67a19dc63d733fa29ac626900ad859c68f501d5b620,projects/charismatic-tea-434516-a5/logs/run.googleapis.com%2Frequests,,2024-11-25T05:52:38.717023516Z,fannkuch-go,europe-north1,charismatic-tea-434516-a5,fannkuch-go-00006-tds,fannkuch-go,cloud_run_revision,INFO,02581dd359c569e7,2024-11-25T05:51:58.012966Z,projects/charismatic-tea-434516-a5/traces/deeb6f87d9e3cc0b0705c429e89bddcd,true
43.493447062s,HTTP/1.1,,172.183.210.137,GET,259,https://fannkuch-go-815005680514.europe-north1.run.app/,127,216.239.32.53,200,curl/7.81.0,67440fa7000a0d624b7bb167,004940b3b82ee3a4dd631a6afb52e76af8c50a14b27f059c942bbadd7dcad4adfce662c9c2ef48b17c97adf701e01c26fb90454d43bcfcc67a19dc63d733fa29ac626900ad859c68f501d5b620,projects/charismatic-tea-434516-a5/logs/run.googleapis.com%2Frequests,,2024-11-25T05:48:23.665408284Z,fannkuch-go,europe-north1,charismatic-tea-434516-a5,fannkuch-go-00006-tds,fannkuch-go,cloud_run_revision,INFO,a84fa37aa81c5fc1,2024-11-25T05:47:40.156260Z,projects/charismatic-tea-434516-a5/traces/f374cfec371d40629e4b133e88caccf3,true
40.514365848s,HTTP/1.1,,172.183.210.137,GET,261,https://fannkuch-go-815005680514.europe-north1.run.app/,127,216.239.38.53,200,curl/7.81.0,67440ea5000ae927acddf048,004940b3b82ee3a4dd631a6afb52e76af8c50a14b27f059c942bbadd7dcad4adfce662c9c2ef48b17c97adf701e01c26fb90454d43bcfcc67a19dc63d733fa29ac626900ad859c68f501d5b620,projects/charismatic-tea-434516-a5/logs/run.googleapis.com%2Frequests,,2024-11-25T05:44:05.720833941Z,fannkuch-go,europe-north1,charismatic-tea-434516-a5,fannkuch-go-00006-tds,fannkuch-go,cloud_run_revision,INFO,b82ccaf5210195dd,2024-11-25T05:43:25.191674Z,projects/charismatic-tea-434516-a5/traces/9128945629125ac8e24721c80418459e,true
40.062771086s,HTTP/1.1,,172.183.210.137,GET,261,https://fannkuch-go-815005680514.europe-north1.run.app/,127,216.239.32.53,200,curl/7.81.0,67440da50009fa5587c996d3,004940b3b82ee3a4dd631a6afb52e76af8c50a14b27f059c942bbadd7dcad4adfce662c9c2ef48b17c97adf701e01c26fb90454d43bcfcc67a19dc63d733fa29ac626900ad859c68f501d5b620,projects/charismatic-tea-434516-a5/logs/run.googleapis.com%2Frequests,,2024-11-25T05:39:49.658606825Z,fannkuch-go,europe-north1,charismatic-tea-434516-a5,fannkuch-go-00006-tds,fannkuch-go,cloud_run_revision,INFO,23d2bae49218866c,2024-11-25T05:39:09.580080Z,projects/charismatic-tea-434516-a5/traces/8c47e944f02585624d9b8ffdc4afe245,true
41.306215492s,HTTP/1.1,,52.159.144.213,GET,261,https://fannkuch-go-815005680514.europe-north1.run.app/,127,216.239.32.53,200,curl/7.81.0,674409a00007385679060ec1,004940b3b82ee3a4dd631a6afb52e76af8c50a14b27f059c942bbadd7dcad4adfce662c9c2ef48b17c97adf701e01c26fb90454d43bcfcc67a19dc63d733fa29ac626900ad859c68f501d5b620,projects/charismatic-tea-434516-a5/logs/run.googleapis.com%2Frequests,,2024-11-25T05:22:40.477840680Z,fannkuch-go,europe-north1,charismatic-tea-434516-a5,fannkuch-go-00006-tds,fannkuch-go,cloud_run_revision,INFO,b0e2896c3510eedb,2024-11-25T05:21:59.157234Z,projects/charismatic-tea-434516-a5/traces/63df23eae2c8707e468a4a0aeaab44ce,true
40.682089963s,HTTP/1.1,,52.159.144.213,GET,259,https://fannkuch-go-815005680514.europe-north1.run.app/,127,216.239.36.53,200,curl/7.81.0,674408a000027fe553181598,004940b3b82ee3a4dd631a6afb52e76af8c50a14b27f059c942bbadd7dcad4adfce662c9c2ef48b17c97adf701e01c26fb90454d43bcfcc67a19dc63d733fa29ac626900ad859c68f501d5b620,projects/charismatic-tea-434516-a5/logs/run.googleapis.com%2Frequests,,2024-11-25T05:18:24.168250039Z,fannkuch-go,europe-north1,charismatic-tea-434516-a5,fannkuch-go-00006-tds,fannkuch-go,cloud_run_revision,INFO,39d4be16a3b3cf31,2024-11-25T05:17:43.471720Z,projects/charismatic-tea-434516-a5/traces/c0bad3fa32e34b5dee7b00bf9e5e51b4,true
40.500837363s,HTTP/1.1,,52.159.144.213,GET,261,https://fannkuch-go-815005680514.europe-north1.run.app/,127,216.239.38.53,200,curl/7.81.0,674407a0000594d1dc0754d7,004940b3b82ee3a4dd631a6afb52e76af8c50a14b27f059c942bbadd7dcad4adfce662c9c2ef48b17c97adf701e01c26fb90454d43bcfcc67a19dc63d733fa29ac626900ad859c68f501d5b620,projects/charismatic-tea-434516-a5/logs/run.googleapis.com%2Frequests,,2024-11-25T05:14:08.368829035Z,fannkuch-go,europe-north1,charismatic-tea-434516-a5,fannkuch-go-00006-tds,fannkuch-go,cloud_run_revision,INFO,415201470129a5c1,2024-11-25T05:13:27.855961Z,projects/charismatic-tea-434516-a5/traces/c9956c55d88f538f4a38560c37f54b70,true
40.680114304s,HTTP/1.1,,52.159.144.213,GET,261,https://fannkuch-go-815005680514.europe-north1.run.app/,127,216.239.38.53,200,curl/7.81.0,674406a10003f1aab430a964,004940b3b82ee3a4dd631a6afb52e76af8c50a14b27f059c942bbadd7dcad4adfce662c9c2ef48b17c97adf701e01c26fb90454d43bcfcc67a19dc63d733fa29ac626900ad859c68f501d5b620,projects/charismatic-tea-434516-a5/logs/run.googleapis.com%2Frequests,,2024-11-25T05:09:53.262417350Z,fannkuch-go,europe-north1,charismatic-tea-434516-a5,fannkuch-go-00006-tds,fannkuch-go,cloud_run_revision,INFO,ccbe59f5dee90d14,2024-11-25T05:09:12.567952Z,projects/charismatic-tea-434516-a5/traces/46e1e7ed8bae5540ca46fa24c7ed7ed9,true
38.814496481s,HTTP/1.1,,52.159.144.213,GET,261,https://fannkuch-go-815005680514.europe-north1.run.app/,127,216.239.38.53,200,curl/7.81.0,674405a1000e24c4d597b343,004940b3b82ee3a4dd631a6afb52e76af8c50a14b27f059c942bbadd7dcad4adfce662c9c2ef48b17c97adf701e01c26fb90454d43bcfcc67a19dc63d733fa29ac626900ad859c68f501d5b620,projects/charismatic-tea-434516-a5/logs/run.googleapis.com%2Frequests,,2024-11-25T05:05:37.929792670Z,fannkuch-go,europe-north1,charismatic-tea-434516-a5,fannkuch-go-00006-tds,fannkuch-go,cloud_run_revision,INFO,ae61f57ddec1807d,2024-11-25T05:04:59.102967Z,projects/charismatic-tea-434516-a5/traces/37afcc4ee3fa5d8a7e16f380cd33b7dc,true
39.675402644s,HTTP/1.1,,52.159.144.213,GET,259,https://fannkuch-go-815005680514.europe-north1.run.app/,127,216.239.32.53,200,curl/7.81.0,674404a400001ce64d4d1f27,004940b3b82ee3a4dd631a6afb52e76af8c50a14b27f059c942bbadd7dcad4adfce662c9c2ef48b17c97adf701e01c26fb90454d43bcfcc67a19dc63d733fa29ac626900ad859c68f501d5b620,projects/charismatic-tea-434516-a5/logs/run.googleapis.com%2Frequests,,2024-11-25T05:01:24.010070830Z,fannkuch-go,europe-north1,charismatic-tea-434516-a5,fannkuch-go-00006-tds,fannkuch-go,cloud_run_revision,INFO,9bf5dd9eeb921a35,2024-11-25T05:00:44.321217Z,projects/charismatic-tea-434516-a5/traces/892402ee28562fe3b1e540fe58e740c3,true
42.105696787s,HTTP/1.1,,52.159.144.213,GET,261,https://fannkuch-go-815005680514.europe-north1.run.app/,127,216.239.34.53,200,curl/7.81.0,674403a4000ec5f0ee0fc440,004940b3b82ee3a4dd631a6afb52e76af8c50a14b27f059c942bbadd7dcad4adfce662c9c2ef48b17c97adf701e01c26fb90454d43bcfcc67a19dc63d733fa29ac626900ad859c68f501d5b620,projects/charismatic-tea-434516-a5/logs/run.googleapis.com%2Frequests,,2024-11-25T04:57:08.970967083Z,fannkuch-go,europe-north1,charismatic-tea-434516-a5,fannkuch-go-00006-tds,fannkuch-go,cloud_run_revision,INFO,0486e8eeade848d2,2024-11-25T04:56:26.853274Z,projects/charismatic-tea-434516-a5/traces/5e6520014e6868df031c507fa7915871,true
42.505506582s,HTTP/1.1,,52.159.144.213,GET,260,https://fannkuch-go-815005680514.europe-north1.run.app/,127,216.239.34.53,200,curl/7.81.0,674402a40003cc12f0f098bd,004940b3b82ee3a4dd631a6afb52e76af8c50a14b27f059c942bbadd7dcad4adfce662c9c2ef48b17c97adf701e01c26fb90454d43bcfcc67a19dc63d733fa29ac626900ad859c68f501d5b620,projects/charismatic-tea-434516-a5/logs/run.googleapis.com%2Frequests,,2024-11-25T04:52:52.252165639Z,fannkuch-go,europe-north1,charismatic-tea-434516-a5,fannkuch-go-00006-tds,fannkuch-go,cloud_run_revision,INFO,5a69af48780d085d,2024-11-25T04:52:09.733542Z,projects/charismatic-tea-434516-a5/traces/baacfc18634657a683990582f1e3aa43,true
41.873998097s,HTTP/1.1,,52.159.144.213,GET,260,https://fannkuch-go-815005680514.europe-north1.run.app/,127,216.239.34.53,200,curl/7.81.0,674401a2000ad9c1369fadc2,004940b3b82ee3a4dd631a6afb52e76af8c50a14b27f059c942bbadd7dcad4adfce662c9c2ef48b17c97adf701e01c26fb90454d43bcfcc67a19dc63d733fa29ac626900ad859c68f501d5b620,projects/charismatic-tea-434516-a5/logs/run.googleapis.com%2Frequests,,2024-11-25T04:48:34.715277472Z,fannkuch-go,europe-north1,charismatic-tea-434516-a5,fannkuch-go-00006-tds,fannkuch-go,cloud_run_revision,INFO,c0bcb3e061394a18,2024-11-25T04:47:52.825124Z,projects/charismatic-tea-434516-a5/traces/aabd48330762bf9a8a18d8f09cb284cc,true
40.707094792s,HTTP/1.1,,52.159.144.213,GET,261,https://fannkuch-go-815005680514.europe-north1.run.app/,127,216.239.38.53,200,curl/7.81.0,674400a10000d7f6abe5eede,004940b3b82ee3a4dd631a6afb52e76af8c50a14b27f059c942bbadd7dcad4adfce662c9c2ef48b17c97adf701e01c26fb90454d43bcfcc67a19dc63d733fa29ac626900ad859c68f501d5b620,projects/charismatic-tea-434516-a5/logs/run.googleapis.com%2Frequests,,2024-11-25T04:44:17.058013650Z,fannkuch-go,europe-north1,charismatic-tea-434516-a5,fannkuch-go-00006-tds,fannkuch-go,cloud_run_revision,INFO,e7a36a06589b1ffd,2024-11-25T04:43:36.338302Z,projects/charismatic-tea-434516-a5/traces/6be2dd6b68d2b2e82831b666932e75a0,true
40.310453421s,HTTP/1.1,,20.55.221.77,GET,261,https://fannkuch-go-815005680514.europe-north1.run.app/,127,216.239.36.53,200,curl/7.81.0,6743f36f0005969e7b7ef764,004940b3b82ee3a4dd631a6afb52e76af8c50a14b27f059c942bbadd7dcad4adfce662c9c2ef48b17c97adf701e01c26fb90454d43bcfcc67a19dc63d733fa29ac626900ad859c68f501d5b620,projects/charismatic-tea-434516-a5/logs/run.googleapis.com%2Frequests,,2024-11-25T03:47:59.368646225Z,fannkuch-go,europe-north1,charismatic-tea-434516-a5,fannkuch-go-00006-tds,fannkuch-go,cloud_run_revision,INFO,247d8ead351dcfcf,2024-11-25T03:47:19.046936Z,projects/charismatic-tea-434516-a5/traces/e7f47cd1c6b9fdd52e65cecc475d38eb,true
40.608943051s,HTTP/1.1,,20.55.221.77,GET,261,https://fannkuch-go-815005680514.europe-north1.run.app/,127,216.239.32.53,200,curl/7.81.0,6743f270000eea0e8b4da2e1,004940b3b82ee3a4dd631a6afb52e76af8c50a14b27f059c942bbadd7dcad4adfce662c9c2ef48b17c97adf701e01c26fb90454d43bcfcc67a19dc63d733fa29ac626900ad859c68f501d5b620,projects/charismatic-tea-434516-a5/logs/run.googleapis.com%2Frequests,,2024-11-25T03:43:44.980440211Z,fannkuch-go,europe-north1,charismatic-tea-434516-a5,fannkuch-go-00006-tds,fannkuch-go,cloud_run_revision,INFO,238eccadadc7a536,2024-11-25T03:43:04.357808Z,projects/charismatic-tea-434516-a5/traces/7e2f72b5e973e913ee212b1c061af07b,true
40.799126589s,HTTP/1.1,,20.55.221.77,GET,260,https://fannkuch-go-815005680514.europe-north1.run.app/,127,216.239.38.53,200,curl/7.81.0,6743f172000891dbe304325e,004940b3b82ee3a4dd631a6afb52e76af8c50a14b27f059c942bbadd7dcad4adfce662c9c2ef48b17c97adf701e01c26fb90454d43bcfcc67a19dc63d733fa29ac626900ad859c68f501d5b620,projects/charismatic-tea-434516-a5/logs/run.googleapis.com%2Frequests,,2024-11-25T03:39:30.565049787Z,fannkuch-go,europe-north1,charismatic-tea-434516-a5,fannkuch-go-00006-tds,fannkuch-go,cloud_run_revision,INFO,bbd87dd00650f152,2024-11-25T03:38:49.752121Z,projects/charismatic-tea-434516-a5/traces/a8e5eaf924a680546f744e8cf0d4b51e,true
39.191135458s,HTTP/1.1,,20.55.221.77,GET,261,https://fannkuch-go-815005680514.europe-north1.run.app/,127,216.239.32.53,200,curl/7.81.0,6743f073000c7d8fded0459a,004940b3b82ee3a4dd631a6afb52e76af8c50a14b27f059c942bbadd7dcad4adfce662c9c2ef48b17c97adf701e01c26fb90454d43bcfcc67a19dc63d733fa29ac626900ad859c68f501d5b620,projects/charismatic-tea-434516-a5/logs/run.googleapis.com%2Frequests,,2024-11-25T03:35:15.822671761Z,fannkuch-go,europe-north1,charismatic-tea-434516-a5,fannkuch-go-00006-tds,fannkuch-go,cloud_run_revision,INFO,1ba8a6a9e5ddc32f,2024-11-25T03:34:36.618706Z,projects/charismatic-tea-434516-a5/traces/295e3d91a1323a8a412eaa91bb35044b,true
39.472546415s,HTTP/1.1,,20.55.221.77,GET,261,https://fannkuch-go-815005680514.europe-north1.run.app/,127,216.239.36.53,200,curl/7.81.0,6743ef76000de62b04f6df2c,004940b3b82ee3a4dd631a6afb52e76af8c50a14b27f059c942bbadd7dcad4adfce662c9c2ef48b17c97adf701e01c26fb90454d43bcfcc67a19dc63d733fa29ac626900ad859c68f501d5b620,projects/charismatic-tea-434516-a5/logs/run.googleapis.com%2Frequests,,2024-11-25T03:31:02.912742789Z,fannkuch-go,europe-north1,charismatic-tea-434516-a5,fannkuch-go-00006-tds,fannkuch-go,cloud_run_revision,INFO,07f09d62da55c997,2024-11-25T03:30:23.429529Z,projects/charismatic-tea-434516-a5/traces/dd3826a3e1d2b769e9f3990da261adf9,true
41.592413472s,HTTP/1.1,,20.55.221.77,GET,261,https://fannkuch-go-815005680514.europe-north1.run.app/,127,216.239.34.53,200,curl/7.81.0,6743ee7900055a50dfc7b6c5,004940b3b82ee3a4dd631a6afb52e76af8c50a14b27f059c942bbadd7dcad4adfce662c9c2ef48b17c97adf701e01c26fb90454d43bcfcc67a19dc63d733fa29ac626900ad859c68f501d5b620,projects/charismatic-tea-434516-a5/logs/run.googleapis.com%2Frequests,,2024-11-25T03:26:49.353454686Z,fannkuch-go,europe-north1,charismatic-tea-434516-a5,fannkuch-go-00006-tds,fannkuch-go,cloud_run_revision,INFO,f761c8b0f25630d3,2024-11-25T03:26:07.749469Z,projects/charismatic-tea-434516-a5/traces/6480efc8de2d90ba2dbff412406bafc8,true
39.308871550s,HTTP/1.1,,20.55.221.77,GET,261,https://fannkuch-go-815005680514.europe-north1.run.app/,127,216.239.38.53,200,curl/7.81.0,6743ed79000c3d5b4a161368,004940b3b82ee3a4dd631a6afb52e76af8c50a14b27f059c942bbadd7dcad4adfce662c9c2ef48b17c97adf701e01c26fb90454d43bcfcc67a19dc63d733fa29ac626900ad859c68f501d5b620,projects/charismatic-tea-434516-a5/logs/run.googleapis.com%2Frequests,,2024-11-25T03:22:33.807756431Z,fannkuch-go,europe-north1,charismatic-tea-434516-a5,fannkuch-go-00006-tds,fannkuch-go,cloud_run_revision,INFO,6e0b29a5091ad720,2024-11-25T03:21:54.483128Z,projects/charismatic-tea-434516-a5/traces/4f411864e20887125af78842c0cd8ffa,true
40.989139578s,HTTP/1.1,,20.55.221.77,GET,261,https://fannkuch-go-815005680514.europe-north1.run.app/,127,216.239.36.53,200,curl/7.81.0,6743ec7d0002666988ad62c1,004940b3b82ee3a4dd631a6afb52e76af8c50a14b27f059c942bbadd7dcad4adfce662c9c2ef48b17c97adf701e01c26fb90454d43bcfcc67a19dc63d733fa29ac626900ad859c68f501d5b620,projects/charismatic-tea-434516-a5/logs/run.googleapis.com%2Frequests,,2024-11-25T03:18:21.160065385Z,fannkuch-go,europe-north1,charismatic-tea-434516-a5,fannkuch-go-00006-tds,fannkuch-go,cloud_run_revision,INFO,21ac44f0067c506c,2024-11-25T03:17:40.159236Z,projects/charismatic-tea-434516-a5/traces/47e569db86b0d0c2fc446075c0c8e2ed,true
39.120223010s,HTTP/1.1,,20.55.221.77,GET,260,https://fannkuch-go-815005680514.europe-north1.run.app/,127,216.239.36.53,200,curl/7.81.0,6743eb7d000e00347b71fffc,004940b3b82ee3a4dd631a6afb52e76af8c50a14b27f059c942bbadd7dcad4adfce662c9c2ef48b17c97adf701e01c26fb90454d43bcfcc67a19dc63d733fa29ac626900ad859c68f501d5b620,projects/charismatic-tea-434516-a5/logs/run.googleapis.com%2Frequests,,2024-11-25T03:14:05.920216107Z,fannkuch-go,europe-north1,charismatic-tea-434516-a5,fannkuch-go-00006-tds,fannkuch-go,cloud_run_revision,INFO,f2b7dbc73b966b64,2024-11-25T03:13:26.788502Z,projects/charismatic-tea-434516-a5/traces/11a2a9257c972bc7ab4c9fbc63bfbfa6,true
39.726636785s,HTTP/1.1,,20.55.221.77,GET,260,https://fannkuch-go-815005680514.europe-north1.run.app/,127,216.239.38.53,200,curl/7.81.0,6743ea7f000b9a5aecf6a125,004940b3b82ee3a4dd631a6afb52e76af8c50a14b27f059c942bbadd7dcad4adfce662c9c2ef48b17c97adf701e01c26fb90454d43bcfcc67a19dc63d733fa29ac626900ad859c68f501d5b620,projects/charismatic-tea-434516-a5/logs/run.googleapis.com%2Frequests,,2024-11-25T03:09:51.763496655Z,fannkuch-go,europe-north1,charismatic-tea-434516-a5,fannkuch-go-00006-tds,fannkuch-go,cloud_run_revision,INFO,1571c13e8e8f7cc5,2024-11-25T03:09:12.024129Z,projects/charismatic-tea-434516-a5/traces/61ff167a8ab0401ab81c80bf9a779339,true
39.610667161s,HTTP/1.1,,52.159.145.255,GET,259,https://fannkuch-go-815005680514.europe-north1.run.app/,127,216.239.36.53,200,curl/7.81.0,6743c075000ad12d9c00819e,004940b3b82ee3a4dd631a6afb52e76af8c50a14b27f059c942bbadd7dcad4adfce662c9c2ef48b17c97adf701e01c26fb90454d43bcfcc67a19dc63d733fa29ac626900ad859c68f501d5b620,projects/charismatic-tea-434516-a5/logs/run.googleapis.com%2Frequests,,2024-11-25T00:10:29.713875262Z,fannkuch-go,europe-north1,charismatic-tea-434516-a5,fannkuch-go-00006-tds,fannkuch-go,cloud_run_revision,INFO,e7f0c16c8509a31b,2024-11-25T00:09:50.088505Z,projects/charismatic-tea-434516-a5/traces/8236b6a67e05305b26508aa2f015d526,true
39.156990025s,HTTP/1.1,,52.159.145.255,GET,260,https://fannkuch-go-815005680514.europe-north1.run.app/,127,216.239.38.53,200,curl/7.81.0,6743bf7700047e27647721c4,004940b3b82ee3a4dd631a6afb52e76af8c50a14b27f059c942bbadd7dcad4adfce662c9c2ef48b17c97adf701e01c26fb90454d43bcfcc67a19dc63d733fa29ac626900ad859c68f501d5b620,projects/charismatic-tea-434516-a5/logs/run.googleapis.com%2Frequests,,2024-11-25T00:06:15.297723098Z,fannkuch-go,europe-north1,charismatic-tea-434516-a5,fannkuch-go-00006-tds,fannkuch-go,cloud_run_revision,INFO,071abd86be858cce,2024-11-25T00:05:36.127466Z,projects/charismatic-tea-434516-a5/traces/4f37c00a334fa30a23744b894f5ed944,true
42.881803197s,HTTP/1.1,,52.159.145.255,GET,261,https://fannkuch-go-815005680514.europe-north1.run.app/,127,216.239.36.53,200,curl/7.81.0,6743be78000f3649abe56fdf,004940b3b82ee3a4dd631a6afb52e76af8c50a14b27f059c942bbadd7dcad4adfce662c9c2ef48b17c97adf701e01c26fb90454d43bcfcc67a19dc63d733fa29ac626900ad859c68f501d5b620,projects/charismatic-tea-434516-a5/logs/run.googleapis.com%2Frequests,,2024-11-25T00:02:01.002481660Z,fannkuch-go,europe-north1,charismatic-tea-434516-a5,fannkuch-go-00006-tds,fannkuch-go,cloud_run_revision,INFO,f961957f56941772,2024-11-25T00:01:18.103103Z,projects/charismatic-tea-434516-a5/traces/d52fe203c02db5cb3e30e530f935eacd,true
40.676175008s,HTTP/1.1,,52.159.145.255,GET,260,https://fannkuch-go-815005680514.europe-north1.run.app/,127,216.239.36.53,200,curl/7.81.0,6743bd770001af409d235a06,004940b3b82ee3a4dd631a6afb52e76af8c50a14b27f059c942bbadd7dcad4adfce662c9c2ef48b17c97adf701e01c26fb90454d43bcfcc67a19dc63d733fa29ac626900ad859c68f501d5b620,projects/charismatic-tea-434516-a5/logs/run.googleapis.com%2Frequests,,2024-11-24T23:57:43.115372161Z,fannkuch-go,europe-north1,charismatic-tea-434516-a5,fannkuch-go-00006-tds,fannkuch-go,cloud_run_revision,INFO,45250fb499e0a0d4,2024-11-24T23:57:02.423764Z,projects/charismatic-tea-434516-a5/traces/c413bff1738b7ba9a2a273121f7bfbec,true
41.782127948s,HTTP/1.1,,52.159.145.255,GET,261,https://fannkuch-go-815005680514.europe-north1.run.app/,127,216.239.34.53,200,curl/7.81.0,6743bc78000029c3f7ed296d,004940b3b82ee3a4dd631a6afb52e76af8c50a14b27f059c942bbadd7dcad4adfce662c9c2ef48b17c97adf701e01c26fb90454d43bcfcc67a19dc63d733fa29ac626900ad859c68f501d5b620,projects/charismatic-tea-434516-a5/logs/run.googleapis.com%2Frequests,,2024-11-24T23:53:28.015758314Z,fannkuch-go,europe-north1,charismatic-tea-434516-a5,fannkuch-go-00006-tds,fannkuch-go,cloud_run_revision,INFO,403a7bbe01641ed9,2024-11-24T23:52:46.219505Z,projects/charismatic-tea-434516-a5/traces/17eb884f9bab097ee419076c54c6f908,true
41.111671578s,HTTP/1.1,,52.159.145.255,GET,261,https://fannkuch-go-815005680514.europe-north1.run.app/,127,216.239.34.53,200,curl/7.81.0,6743bb77000c72b7cf7c1302,004940b3b82ee3a4dd631a6afb52e76af8c50a14b27f059c942bbadd7dcad4adfce662c9c2ef48b17c97adf701e01c26fb90454d43bcfcc67a19dc63d733fa29ac626900ad859c68f501d5b620,projects/charismatic-tea-434516-a5/logs/run.googleapis.com%2Frequests,,2024-11-24T23:49:11.817823456Z,fannkuch-go,europe-north1,charismatic-tea-434516-a5,fannkuch-go-00006-tds,fannkuch-go,cloud_run_revision,INFO,3e266d63af9916d3,2024-11-24T23:48:30.693495Z,projects/charismatic-tea-434516-a5/traces/421147cd0225bea8caff3d33777aaa37,true
40.316704726s,HTTP/1.1,,52.159.145.255,GET,261,https://fannkuch-go-815005680514.europe-north1.run.app/,127,216.239.34.53,200,curl/7.81.0,6743ba77000ab0d3cfef6780,004940b3b82ee3a4dd631a6afb52e76af8c50a14b27f059c942bbadd7dcad4adfce662c9c2ef48b17c97adf701e01c26fb90454d43bcfcc67a19dc63d733fa29ac626900ad859c68f501d5b620,projects/charismatic-tea-434516-a5/logs/run.googleapis.com%2Frequests,,2024-11-24T23:44:55.706059172Z,fannkuch-go,europe-north1,charismatic-tea-434516-a5,fannkuch-go-00006-tds,fannkuch-go,cloud_run_revision,INFO,92ee9d7319d9fb1d,2024-11-24T23:44:15.373924Z,projects/charismatic-tea-434516-a5/traces/d188504cf19c825187552c7d72daa0e3,true
40.303271591s,HTTP/1.1,,52.159.145.255,GET,260,https://fannkuch-go-815005680514.europe-north1.run.app/,127,216.239.32.53,200,curl/7.81.0,6743b977000e1659b760fcc9,004940b3b82ee3a4dd631a6afb52e76af8c50a14b27f059c942bbadd7dcad4adfce662c9c2ef48b17c97adf701e01c26fb90454d43bcfcc67a19dc63d733fa29ac626900ad859c68f501d5b620,projects/charismatic-tea-434516-a5/logs/run.googleapis.com%2Frequests,,2024-11-24T23:40:39.925228359Z,fannkuch-go,europe-north1,charismatic-tea-434516-a5,fannkuch-go-00006-tds,fannkuch-go,cloud_run_revision,INFO,86e521b3d0311523,2024-11-24T23:39:59.609337Z,projects/charismatic-tea-434516-a5/traces/e7de8b3189f41f4891ad358b7d71ecf3,true
40.387216102s,HTTP/1.1,,52.159.145.255,GET,261,https://fannkuch-go-815005680514.europe-north1.run.app/,127,216.239.38.53,200,curl/7.81.0,6743b8780008969ab1cbe2b1,004940b3b82ee3a4dd631a6afb52e76af8c50a14b27f059c942bbadd7dcad4adfce662c9c2ef48b17c97adf701e01c26fb90454d43bcfcc67a19dc63d733fa29ac626900ad859c68f501d5b620,projects/charismatic-tea-434516-a5/logs/run.googleapis.com%2Frequests,,2024-11-24T23:36:24.567653392Z,fannkuch-go,europe-north1,charismatic-tea-434516-a5,fannkuch-go-00006-tds,fannkuch-go,cloud_run_revision,INFO,5de015f247dd66ea,2024-11-24T23:35:44.166188Z,projects/charismatic-tea-434516-a5/traces/ea74a9debe7c467f1101499df38a0942,true
40.011716453s,HTTP/1.1,,52.159.145.255,GET,260,https://fannkuch-go-815005680514.europe-north1.run.app/,127,216.239.34.53,200,curl/7.81.0,6743b77700095786e14fe8e1,004940b3b82ee3a4dd631a6afb52e76af8c50a14b27f059c942bbadd7dcad4adfce662c9c2ef48b17c97adf701e01c26fb90454d43bcfcc67a19dc63d733fa29ac626900ad859c68f501d5b620,projects/charismatic-tea-434516-a5/logs/run.googleapis.com%2Frequests,,2024-11-24T23:32:07.616886726Z,fannkuch-go,europe-north1,charismatic-tea-434516-a5,fannkuch-go-00006-tds,fannkuch-go,cloud_run_revision,INFO,456077174e977ecd,2024-11-24T23:31:27.590183Z,projects/charismatic-tea-434516-a5/traces/991e957f8c366489060bae50a96ba66f,true
41.603475266s,HTTP/1.1,,20.109.61.178,GET,261,https://fannkuch-go-815005680514.europe-north1.run.app/,127,216.239.38.53,200,curl/7.81.0,6743b3730000ce3e2bee1265,004940b3b82ee3a4dd631a6afb52e76af8c50a14b27f059c942bbadd7dcad4adfce662c9c2ef48b17c97adf701e01c26fb90454d43bcfcc67a19dc63d733fa29ac626900ad859c68f501d5b620,projects/charismatic-tea-434516-a5/logs/run.googleapis.com%2Frequests,,2024-11-24T23:14:59.057203096Z,fannkuch-go,europe-north1,charismatic-tea-434516-a5,fannkuch-go-00006-tds,fannkuch-go,cloud_run_revision,INFO,2c882741ece4dcdb,2024-11-24T23:14:17.438728Z,projects/charismatic-tea-434516-a5/traces/5cd46e297620302ef5305c03ce306d94,true
39.779579207s,HTTP/1.1,,20.109.61.178,GET,261,https://fannkuch-go-815005680514.europe-north1.run.app/,127,216.239.38.53,200,curl/7.81.0,6743b2730001a32d34275bf8,004940b3b82ee3a4dd631a6afb52e76af8c50a14b27f059c942bbadd7dcad4adfce662c9c2ef48b17c97adf701e01c26fb90454d43bcfcc67a19dc63d733fa29ac626900ad859c68f501d5b620,projects/charismatic-tea-434516-a5/logs/run.googleapis.com%2Frequests,,2024-11-24T23:10:43.109257745Z,fannkuch-go,europe-north1,charismatic-tea-434516-a5,fannkuch-go-00006-tds,fannkuch-go,cloud_run_revision,INFO,7057a7dd260d66ba,2024-11-24T23:10:03.316390Z,projects/charismatic-tea-434516-a5/traces/3bc9902759f187bde09f72dc11703cbc,true
39.211592003s,HTTP/1.1,,20.109.61.178,GET,260,https://fannkuch-go-815005680514.europe-north1.run.app/,127,216.239.36.53,200,curl/7.81.0,6743b174000c8e0c2e40b407,004940b3b82ee3a4dd631a6afb52e76af8c50a14b27f059c942bbadd7dcad4adfce662c9c2ef48b17c97adf701e01c26fb90454d43bcfcc67a19dc63d733fa29ac626900ad859c68f501d5b620,projects/charismatic-tea-434516-a5/logs/run.googleapis.com%2Frequests,,2024-11-24T23:06:28.825972398Z,fannkuch-go,europe-north1,charismatic-tea-434516-a5,fannkuch-go-00006-tds,fannkuch-go,cloud_run_revision,INFO,cdeb4ce62df16cde,2024-11-24T23:05:49.600988Z,projects/charismatic-tea-434516-a5/traces/2cfbe55d14673b3119cf564d8606d4c0,true
40.805194164s,HTTP/1.1,,20.109.61.178,GET,261,https://fannkuch-go-815005680514.europe-north1.run.app/,127,216.239.32.53,200,curl/7.81.0,6743b076000e894b79c3379b,004940b3b82ee3a4dd631a6afb52e76af8c50a14b27f059c942bbadd7dcad4adfce662c9c2ef48b17c97adf701e01c26fb90454d43bcfcc67a19dc63d733fa29ac626900ad859c68f501d5b620,projects/charismatic-tea-434516-a5/logs/run.googleapis.com%2Frequests,,2024-11-24T23:02:14.956519543Z,fannkuch-go,europe-north1,charismatic-tea-434516-a5,fannkuch-go-00006-tds,fannkuch-go,cloud_run_revision,INFO,c63d0fdfb415b548,2024-11-24T23:01:34.136931Z,projects/charismatic-tea-434516-a5/traces/f0b4f30173e8a3c6da5fea37471dd072,true
40.987216256s,HTTP/1.1,,20.109.61.178,GET,261,https://fannkuch-go-815005680514.europe-north1.run.app/,127,216.239.32.53,200,curl/7.81.0,6743af77000dcd2c098eeb26,004940b3b82ee3a4dd631a6afb52e76af8c50a14b27f059c942bbadd7dcad4adfce662c9c2ef48b17c97adf701e01c26fb90454d43bcfcc67a19dc63d733fa29ac626900ad859c68f501d5b620,projects/charismatic-tea-434516-a5/logs/run.googleapis.com%2Frequests,,2024-11-24T22:57:59.908009442Z,fannkuch-go,europe-north1,charismatic-tea-434516-a5,fannkuch-go-00006-tds,fannkuch-go,cloud_run_revision,INFO,178d6ec57d5714b3,2024-11-24T22:57:18.907606Z,projects/charismatic-tea-434516-a5/traces/a852cc6ec2810075d8cc09034216acdd,true
40.306220571s,HTTP/1.1,,20.109.61.178,GET,260,https://fannkuch-go-815005680514.europe-north1.run.app/,127,216.239.38.53,200,curl/7.81.0,6743ae790004ab44c4cada23,004940b3b82ee3a4dd631a6afb52e76af8c50a14b27f059c942bbadd7dcad4adfce662c9c2ef48b17c97adf701e01c26fb90454d43bcfcc67a19dc63d733fa29ac626900ad859c68f501d5b620,projects/charismatic-tea-434516-a5/logs/run.googleapis.com%2Frequests,,2024-11-24T22:53:45.310445581Z,fannkuch-go,europe-north1,charismatic-tea-434516-a5,fannkuch-go-00006-tds,fannkuch-go,cloud_run_revision,INFO,77e1a21b21b5f11e,2024-11-24T22:53:04.990328Z,projects/charismatic-tea-434516-a5/traces/9fccb34623ab6f24b1bf6795045831a6,true
42.115661134s,HTTP/1.1,,20.109.61.178,GET,260,https://fannkuch-go-815005680514.europe-north1.run.app/,127,216.239.34.53,200,curl/7.81.0,6743ad7b00013298c4252cdd,004940b3b82ee3a4dd631a6afb52e76af8c50a14b27f059c942bbadd7dcad4adfce662c9c2ef48b17c97adf701e01c26fb90454d43bcfcc67a19dc63d733fa29ac626900ad859c68f501d5b620,projects/charismatic-tea-434516-a5/logs/run.googleapis.com%2Frequests,,2024-11-24T22:49:31.080498387Z,fannkuch-go,europe-north1,charismatic-tea-434516-a5,fannkuch-go-00006-tds,fannkuch-go,cloud_run_revision,INFO,86e72e47febc6650,2024-11-24T22:48:48.953925Z,projects/charismatic-tea-434516-a5/traces/90673b40f204ce4c777a1065a1a62ab7,true
40.905671740s,HTTP/1.1,,20.109.61.178,GET,260,https://fannkuch-go-815005680514.europe-north1.run.app/,127,216.239.38.53,200,curl/7.81.0,6743ac7b00071a03d358e9b1,004940b3b82ee3a4dd631a6afb52e76af8c50a14b27f059c942bbadd7dcad4adfce662c9c2ef48b17c97adf701e01c26fb90454d43bcfcc67a19dc63d733fa29ac626900ad859c68f501d5b620,projects/charismatic-tea-434516-a5/logs/run.googleapis.com%2Frequests,,2024-11-24T22:45:15.468076799Z,fannkuch-go,europe-north1,charismatic-tea-434516-a5,fannkuch-go-00006-tds,fannkuch-go,cloud_run_revision,INFO,03a6bae8d52160d6,2024-11-24T22:44:34.549929Z,projects/charismatic-tea-434516-a5/traces/d1bd11953fb1cd58cd3ac88af1d2aaf5,true
39.503549251s,HTTP/1.1,,20.109.61.178,GET,261,https://fannkuch-go-815005680514.europe-north1.run.app/,127,216.239.38.53,200,curl/7.81.0,6743ab7c000006c9f484f5bc,004940b3b82ee3a4dd631a6afb52e76af8c50a14b27f059c942bbadd7dcad4adfce662c9c2ef48b17c97adf701e01c26fb90454d43bcfcc67a19dc63d733fa29ac626900ad859c68f501d5b620,projects/charismatic-tea-434516-a5/logs/run.googleapis.com%2Frequests,,2024-11-24T22:41:00.004677980Z,fannkuch-go,europe-north1,charismatic-tea-434516-a5,fannkuch-go-00006-tds,fannkuch-go,cloud_run_revision,INFO,c431f644d8b38f9a,2024-11-24T22:40:20.487797Z,projects/charismatic-tea-434516-a5/traces/aa6955ffbfed4f519a8e5381e00d45ba,true
41.706076885s,HTTP/1.1,,20.109.61.178,GET,261,https://fannkuch-go-815005680514.europe-north1.run.app/,127,216.239.32.53,200,curl/7.81.0,6743aa7d0005749b81f93bb0,004940b3b82ee3a4dd631a6afb52e76af8c50a14b27f059c942bbadd7dcad4adfce662c9c2ef48b17c97adf701e01c26fb90454d43bcfcc67a19dc63d733fa29ac626900ad859c68f501d5b620,projects/charismatic-tea-434516-a5/logs/run.googleapis.com%2Frequests,,2024-11-24T22:36:45.360160812Z,fannkuch-go,europe-north1,charismatic-tea-434516-a5,fannkuch-go-00006-tds,fannkuch-go,cloud_run_revision,INFO,3cc73f2913651571,2024-11-24T22:36:03.639885Z,projects/charismatic-tea-434516-a5/traces/56ecc2ceb6f50fb5f3741fc75eb1033d,true
39.685443966s,HTTP/1.1,,13.91.181.99,GET,260,https://fannkuch-go-815005680514.europe-north1.run.app/,127,216.239.36.53,200,curl/7.81.0,6743a3900001d27c61fd22f4,004940b3b82ee3a4dd631a6afb52e76af8c50a14b27f059c942bbadd7dcad4adfce662c9c2ef48b17c97adf701e01c26fb90454d43bcfcc67a19dc63d733fa29ac626900ad859c68f501d5b620,projects/charismatic-tea-434516-a5/logs/run.googleapis.com%2Frequests,,2024-11-24T22:07:12.121909181Z,fannkuch-go,europe-north1,charismatic-tea-434516-a5,fannkuch-go-00006-tds,fannkuch-go,cloud_run_revision,INFO,b346965f65a44595,2024-11-24T22:06:32.423836Z,projects/charismatic-tea-434516-a5/traces/ae4865cde07fe209cd0a9ac12ea5150a,true
41.982544093s,HTTP/1.1,,13.91.181.99,GET,260,https://fannkuch-go-815005680514.europe-north1.run.app/,127,216.239.34.53,200,curl/7.81.0,6743a29100055525843abd6b,004940b3b82ee3a4dd631a6afb52e76af8c50a14b27f059c942bbadd7dcad4adfce662c9c2ef48b17c97adf701e01c26fb90454d43bcfcc67a19dc63d733fa29ac626900ad859c68f501d5b620,projects/charismatic-tea-434516-a5/logs/run.googleapis.com%2Frequests,,2024-11-24T22:02:57.353229482Z,fannkuch-go,europe-north1,charismatic-tea-434516-a5,fannkuch-go-00006-tds,fannkuch-go,cloud_run_revision,INFO,de17fc93b08b6f98,2024-11-24T22:02:15.357931Z,projects/charismatic-tea-434516-a5/traces/33ad1476424328de62bb12227bbc9cf3,true
41.394782416s,HTTP/1.1,,13.91.181.99,GET,260,https://fannkuch-go-815005680514.europe-north1.run.app/,127,216.239.38.53,200,curl/7.81.0,6743a19000062c21b04b8f44,004940b3b82ee3a4dd631a6afb52e76af8c50a14b27f059c942bbadd7dcad4adfce662c9c2ef48b17c97adf701e01c26fb90454d43bcfcc67a19dc63d733fa29ac626900ad859c68f501d5b620,projects/charismatic-tea-434516-a5/logs/run.googleapis.com%2Frequests,,2024-11-24T21:58:40.410097743Z,fannkuch-go,europe-north1,charismatic-tea-434516-a5,fannkuch-go-00006-tds,fannkuch-go,cloud_run_revision,INFO,48e036fb8fb6ed74,2024-11-24T21:57:58.998941Z,projects/charismatic-tea-434516-a5/traces/76d5ced5e639ed8a3ef1d6998ca91f64,true
41.493470776s,HTTP/1.1,,13.91.181.99,GET,261,https://fannkuch-go-815005680514.europe-north1.run.app/,127,216.239.38.53,200,curl/7.81.0,6743a090000aea689dd776df,004940b3b82ee3a4dd631a6afb52e76af8c50a14b27f059c942bbadd7dcad4adfce662c9c2ef48b17c97adf701e01c26fb90454d43bcfcc67a19dc63d733fa29ac626900ad859c68f501d5b620,projects/charismatic-tea-434516-a5/logs/run.googleapis.com%2Frequests,,2024-11-24T21:54:24.719627851Z,fannkuch-go,europe-north1,charismatic-tea-434516-a5,fannkuch-go-00006-tds,fannkuch-go,cloud_run_revision,INFO,dcae8b6b998d8abb,2024-11-24T21:53:43.210110Z,projects/charismatic-tea-434516-a5/traces/00d3a6243f3607011fe7406b3662f5fc,true
41.505681866s,HTTP/1.1,,13.91.181.99,GET,260,https://fannkuch-go-815005680514.europe-north1.run.app/,127,216.239.32.53,200,curl/7.81.0,67439f90000196d7d837fdf9,004940b3b82ee3a4dd631a6afb52e76af8c50a14b27f059c942bbadd7dcad4adfce662c9c2ef48b17c97adf701e01c26fb90454d43bcfcc67a19dc63d733fa29ac626900ad859c68f501d5b620,projects/charismatic-tea-434516-a5/logs/run.googleapis.com%2Frequests,,2024-11-24T21:50:08.109556839Z,fannkuch-go,europe-north1,charismatic-tea-434516-a5,fannkuch-go-00006-tds,fannkuch-go,cloud_run_revision,INFO,b88116a9d8a0cdbd,2024-11-24T21:49:26.587152Z,projects/charismatic-tea-434516-a5/traces/c228cb89bb3fbc26064c614e9ead2659,true
40.521758877s,HTTP/1.1,,13.91.181.99,GET,260,https://fannkuch-go-815005680514.europe-north1.run.app/,127,216.239.38.53,200,curl/7.81.0,67439e8f000cf140b0fbbc80,004940b3b82ee3a4dd631a6afb52e76af8c50a14b27f059c942bbadd7dcad4adfce662c9c2ef48b17c97adf701e01c26fb90454d43bcfcc67a19dc63d733fa29ac626900ad859c68f501d5b620,projects/charismatic-tea-434516-a5/logs/run.googleapis.com%2Frequests,,2024-11-24T21:45:51.852579306Z,fannkuch-go,europe-north1,charismatic-tea-434516-a5,fannkuch-go-00006-tds,fannkuch-go,cloud_run_revision,INFO,520104c64568c7c0,2024-11-24T21:45:11.316706Z,projects/charismatic-tea-434516-a5/traces/079f8ad362fd0ed4cb6e16ac558eee87,true
40.110885255s,HTTP/1.1,,13.91.181.99,GET,261,https://fannkuch-go-815005680514.europe-north1.run.app/,127,216.239.38.53,200,curl/7.81.0,67439d8f000de938a3536b30,004940b3b82ee3a4dd631a6afb52e76af8c50a14b27f059c942bbadd7dcad4adfce662c9c2ef48b17c97adf701e01c26fb90454d43bcfcc67a19dc63d733fa29ac626900ad859c68f501d5b620,projects/charismatic-tea-434516-a5/logs/run.googleapis.com%2Frequests,,2024-11-24T21:41:35.914212974Z,fannkuch-go,europe-north1,charismatic-tea-434516-a5,fannkuch-go-00006-tds,fannkuch-go,cloud_run_revision,INFO,02d0326957d9804c,2024-11-24T21:40:55.791787Z,projects/charismatic-tea-434516-a5/traces/9a0ba959a2510ac5444d15724ccab29d,true
39.709892484s,HTTP/1.1,,13.91.181.99,GET,259,https://fannkuch-go-815005680514.europe-north1.run.app/,127,216.239.34.53,200,curl/7.81.0,67439c90000017d0886c9878,004940b3b82ee3a4dd631a6afb52e76af8c50a14b27f059c942bbadd7dcad4adfce662c9c2ef48b17c97adf701e01c26fb90454d43bcfcc67a19dc63d733fa29ac626900ad859c68f501d5b620,projects/charismatic-tea-434516-a5/logs/run.googleapis.com%2Frequests,,2024-11-24T21:37:20.008396248Z,fannkuch-go,europe-north1,charismatic-tea-434516-a5,fannkuch-go-00006-tds,fannkuch-go,cloud_run_revision,INFO,594ec4db74214a9b,2024-11-24T21:36:40.285833Z,projects/charismatic-tea-434516-a5/traces/24e6d3bdef92a9ddc02b57051cad3693,true
40.286990003s,HTTP/1.1,,13.91.181.99,GET,260,https://fannkuch-go-815005680514.europe-north1.run.app/,127,216.239.36.53,200,curl/7.81.0,67439b90000333c3e38f1654,004940b3b82ee3a4dd631a6afb52e76af8c50a14b27f059c942bbadd7dcad4adfce662c9c2ef48b17c97adf701e01c26fb90454d43bcfcc67a19dc63d733fa29ac626900ad859c68f501d5b620,projects/charismatic-tea-434516-a5/logs/run.googleapis.com%2Frequests,,2024-11-24T21:33:04.214793190Z,fannkuch-go,europe-north1,charismatic-tea-434516-a5,fannkuch-go-00006-tds,fannkuch-go,cloud_run_revision,INFO,a848bc3246f6eb56,2024-11-24T21:32:23.912681Z,projects/charismatic-tea-434516-a5/traces/2812d07925a2872bafb9ebccc46745f0,true
39.814101210s,HTTP/1.1,,13.91.181.99,GET,260,https://fannkuch-go-815005680514.europe-north1.run.app/,127,216.239.32.53,200,curl/7.81.0,67439a8f000acc2f6865f951,004940b3b82ee3a4dd631a6afb52e76af8c50a14b27f059c942bbadd7dcad4adfce662c9c2ef48b17c97adf701e01c26fb90454d43bcfcc67a19dc63d733fa29ac626900ad859c68f501d5b620,projects/charismatic-tea-434516-a5/logs/run.googleapis.com%2Frequests,,2024-11-24T21:28:47.713076485Z,fannkuch-go,europe-north1,charismatic-tea-434516-a5,fannkuch-go-00006-tds,fannkuch-go,cloud_run_revision,INFO,c096e20625bcaea3,2024-11-24T21:28:07.884322Z,projects/charismatic-tea-434516-a5/traces/2e6985c902f932d09234d6721598ba24,true
38.871009278s,HTTP/1.1,,52.159.141.234,GET,260,https://fannkuch-go-815005680514.europe-north1.run.app/,127,216.239.34.53,200,curl/7.81.0,674396650007af833652abf3,004940b3b82ee3a4dd631a6afb52e76af8c50a14b27f059c942bbadd7dcad4adfce662c9c2ef48b17c97adf701e01c26fb90454d43bcfcc67a19dc63d733fa29ac626900ad859c68f501d5b620,projects/charismatic-tea-434516-a5/logs/run.googleapis.com%2Frequests,,2024-11-24T21:11:01.506423470Z,fannkuch-go,europe-north1,charismatic-tea-434516-a5,fannkuch-go-00006-tds,fannkuch-go,cloud_run_revision,INFO,e364bc4a67154607,2024-11-24T21:10:22.622813Z,projects/charismatic-tea-434516-a5/traces/f4f2f302ff231e4ba35177e97da4ae3b,true
40.997134102s,HTTP/1.1,,52.159.141.234,GET,261,https://fannkuch-go-815005680514.europe-north1.run.app/,127,216.239.34.53,200,curl/7.81.0,6743956800004843e50b9340,004940b3b82ee3a4dd631a6afb52e76af8c50a14b27f059c942bbadd7dcad4adfce662c9c2ef48b17c97adf701e01c26fb90454d43bcfcc67a19dc63d733fa29ac626900ad859c68f501d5b620,projects/charismatic-tea-434516-a5/logs/run.googleapis.com%2Frequests,,2024-11-24T21:06:48.020942084Z,fannkuch-go,europe-north1,charismatic-tea-434516-a5,fannkuch-go-00006-tds,fannkuch-go,cloud_run_revision,INFO,e85f523f179e5cee,2024-11-24T21:06:07.012731Z,projects/charismatic-tea-434516-a5/traces/9f2290e1f382d785da3d4a82b4321041,true
44.504825842s,HTTP/1.1,,52.159.141.234,GET,261,https://fannkuch-go-815005680514.europe-north1.run.app/,127,216.239.36.53,200,curl/7.81.0,674394680000d9bd00bfef7d,004940b3b82ee3a4dd631a6afb52e76af8c50a14b27f059c942bbadd7dcad4adfce662c9c2ef48b17c97adf701e01c26fb90454d43bcfcc67a19dc63d733fa29ac626900ad859c68f501d5b620,projects/charismatic-tea-434516-a5/logs/run.googleapis.com%2Frequests,,2024-11-24T21:02:32.060865932Z,fannkuch-go,europe-north1,charismatic-tea-434516-a5,fannkuch-go-00006-tds,fannkuch-go,cloud_run_revision,INFO,f36f9401f3f419a9,2024-11-24T21:01:47.542083Z,projects/charismatic-tea-434516-a5/traces/f00f6537df064ffa51550acb1ab491a6,true
43.203386013s,HTTP/1.1,,52.159.141.234,GET,261,https://fannkuch-go-815005680514.europe-north1.run.app/,127,216.239.32.53,200,curl/7.81.0,67439364000ec1a5f3a7f621,004940b3b82ee3a4dd631a6afb52e76af8c50a14b27f059c942bbadd7dcad4adfce662c9c2ef48b17c97adf701e01c26fb90454d43bcfcc67a19dc63d733fa29ac626900ad859c68f501d5b620,projects/charismatic-tea-434516-a5/logs/run.googleapis.com%2Frequests,,2024-11-24T20:58:12.969424035Z,fannkuch-go,europe-north1,charismatic-tea-434516-a5,fannkuch-go-00006-tds,fannkuch-go,cloud_run_revision,INFO,121e5dcdac052f6a,2024-11-24T20:57:29.754348Z,projects/charismatic-tea-434516-a5/traces/5faf7621f00b39ce606686c78fd011a1,true
42.327391191s,HTTP/1.1,,52.159.141.234,GET,261,https://fannkuch-go-815005680514.europe-north1.run.app/,127,216.239.34.53,200,curl/7.81.0,674392630002aaec6deb2205,004940b3b82ee3a4dd631a6afb52e76af8c50a14b27f059c942bbadd7dcad4adfce662c9c2ef48b17c97adf701e01c26fb90454d43bcfcc67a19dc63d733fa29ac626900ad859c68f501d5b620,projects/charismatic-tea-434516-a5/logs/run.googleapis.com%2Frequests,,2024-11-24T20:53:55.178424556Z,fannkuch-go,europe-north1,charismatic-tea-434516-a5,fannkuch-go-00006-tds,fannkuch-go,cloud_run_revision,INFO,e9991fe1ec49c982,2024-11-24T20:53:12.837187Z,projects/charismatic-tea-434516-a5/traces/2655525e8422e0e5495722d4e8e9e296,true
41.926331071s,HTTP/1.1,,52.159.141.234,GET,261,https://fannkuch-go-815005680514.europe-north1.run.app/,127,216.239.32.53,200,curl/7.81.0,67439161000eff8574f32988,004940b3b82ee3a4dd631a6afb52e76af8c50a14b27f059c942bbadd7dcad4adfce662c9c2ef48b17c97adf701e01c26fb90454d43bcfcc67a19dc63d733fa29ac626900ad859c68f501d5b620,projects/charismatic-tea-434516-a5/logs/run.googleapis.com%2Frequests,,2024-11-24T20:49:37.985457074Z,fannkuch-go,europe-north1,charismatic-tea-434516-a5,fannkuch-go-00006-tds,fannkuch-go,cloud_run_revision,INFO,ea10b737ee7c9626,2024-11-24T20:48:56.046529Z,projects/charismatic-tea-434516-a5/traces/abf13108159db2677de45d0a1c40938c,true
40.812485077s,HTTP/1.1,,52.159.141.234,GET,260,https://fannkuch-go-815005680514.europe-north1.run.app/,127,216.239.32.53,200,curl/7.81.0,6743906100034259dfb0a58b,004940b3b82ee3a4dd631a6afb52e76af8c50a14b27f059c942bbadd7dcad4adfce662c9c2ef48b17c97adf701e01c26fb90454d43bcfcc67a19dc63d733fa29ac626900ad859c68f501d5b620,projects/charismatic-tea-434516-a5/logs/run.googleapis.com%2Frequests,,2024-11-24T20:45:21.219359820Z,fannkuch-go,europe-north1,charismatic-tea-434516-a5,fannkuch-go-00006-tds,fannkuch-go,cloud_run_revision,INFO,708429bb48fcc0ba,2024-11-24T20:44:40.390761Z,projects/charismatic-tea-434516-a5/traces/9f2447ab12e8ac2145c89c500a6036b1,true
41.516994526s,HTTP/1.1,,52.159.141.234,GET,260,https://fannkuch-go-815005680514.europe-north1.run.app/,127,216.239.32.53,200,curl/7.81.0,67438f610009023e857b2c7f,004940b3b82ee3a4dd631a6afb52e76af8c50a14b27f059c942bbadd7dcad4adfce662c9c2ef48b17c97adf701e01c26fb90454d43bcfcc67a19dc63d733fa29ac626900ad859c68f501d5b620,projects/charismatic-tea-434516-a5/logs/run.googleapis.com%2Frequests,,2024-11-24T20:41:05.594725478Z,fannkuch-go,europe-north1,charismatic-tea-434516-a5,fannkuch-go-00006-tds,fannkuch-go,cloud_run_revision,INFO,895f4d8abaa8c3cb,2024-11-24T20:40:24.062567Z,projects/charismatic-tea-434516-a5/traces/21106d0f3f206caa9791116eb0121fc1,true
41.689718518s,HTTP/1.1,,52.159.141.234,GET,260,https://fannkuch-go-815005680514.europe-north1.run.app/,127,216.239.34.53,200,curl/7.81.0,67438e60000339a7b6dac88b,004940b3b82ee3a4dd631a6afb52e76af8c50a14b27f059c942bbadd7dcad4adfce662c9c2ef48b17c97adf701e01c26fb90454d43bcfcc67a19dc63d733fa29ac626900ad859c68f501d5b620,projects/charismatic-tea-434516-a5/logs/run.googleapis.com%2Frequests,,2024-11-24T20:36:48.215112840Z,fannkuch-go,europe-north1,charismatic-tea-434516-a5,fannkuch-go-00006-tds,fannkuch-go,cloud_run_revision,INFO,ca051ec07014e39b,2024-11-24T20:36:06.511582Z,projects/charismatic-tea-434516-a5/traces/18c8e3567a1c94a7f7f0581615c71eb2,true
40.518373562s,HTTP/1.1,,52.159.141.234,GET,260,https://fannkuch-go-815005680514.europe-north1.run.app/,127,216.239.38.53,200,curl/7.81.0,67438d5e0002f316560f2ddd,004940b3b82ee3a4dd631a6afb52e76af8c50a14b27f059c942bbadd7dcad4adfce662c9c2ef48b17c97adf701e01c26fb90454d43bcfcc67a19dc63d733fa29ac626900ad859c68f501d5b620,projects/charismatic-tea-434516-a5/logs/run.googleapis.com%2Frequests,,2024-11-24T20:32:30.195329141Z,fannkuch-go,europe-north1,charismatic-tea-434516-a5,fannkuch-go-00006-tds,fannkuch-go,cloud_run_revision,INFO,a39feb288bb5b173,2024-11-24T20:31:49.665363Z,projects/charismatic-tea-434516-a5/traces/d7aac5eb725971a963579e75d25eaafe,true
40.880326092s,HTTP/1.1,https://console.cloud.google.com/,37.228.255.49,GET,1098,https://fannkuch-go-815005680514.europe-north1.run.app/,127,216.239.34.53,200,"Mozilla/5.0 (Windows NT 10.0; Win64; x64) AppleWebKit/537.36 (KHTML, like Gecko) Chrome/131.0.0.0 Safari/537.36",67438ca200094ff7d2903bd8,004940b3b82ee3a4dd631a6afb52e76af8c50a14b27f059c942bbadd7dcad4adfce662c9c2ef48b17c97adf701e01c26fb90454d43bcfcc67a19dc63d733fa29ac626900ad859c68f501d5b620,projects/charismatic-tea-434516-a5/logs/run.googleapis.com%2Frequests,,2024-11-24T20:29:22.615861281Z,fannkuch-go,europe-north1,charismatic-tea-434516-a5,fannkuch-go-00006-tds,fannkuch-go,cloud_run_revision,INFO,ab00d414af583dc6,2024-11-24T20:28:41.721207Z,projects/charismatic-tea-434516-a5/traces/c38962390803c7bb5b747864436b9103,true
41.483782374s,HTTP/1.1,,172.177.131.92,GET,260,https://fannkuch-go-815005680514.europe-north1.run.app/,127,216.239.36.53,200,curl/7.81.0,6743867c000ac0d607b3a880,004940b3b82ee3a4dd631a6afb52e76af8c50a14b27f059c942bbadd7dcad4adfce662c9c2ef48b17c97adf701e01c26fb90454d43bcfcc67a19dc63d733fa29ac626900ad859c68f501d5b620,projects/charismatic-tea-434516-a5/logs/run.googleapis.com%2Frequests,,2024-11-24T20:03:08.709787262Z,fannkuch-go,europe-north1,charismatic-tea-434516-a5,fannkuch-go-00006-tds,fannkuch-go,cloud_run_revision,INFO,bd9c64b5eae99e07,2024-11-24T20:02:27.211022Z,projects/charismatic-tea-434516-a5/traces/6abc8bd684b874164399a093e2fd6275,true
42.677969222s,HTTP/1.1,,172.177.131.92,GET,260,https://fannkuch-go-815005680514.europe-north1.run.app/,127,216.239.34.53,200,curl/7.81.0,6743857c000b8386b643f9e5,004940b3b82ee3a4dd631a6afb52e76af8c50a14b27f059c942bbadd7dcad4adfce662c9c2ef48b17c97adf701e01c26fb90454d43bcfcc67a19dc63d733fa29ac626900ad859c68f501d5b620,projects/charismatic-tea-434516-a5/logs/run.googleapis.com%2Frequests,,2024-11-24T19:58:52.757466243Z,fannkuch-go,europe-north1,charismatic-tea-434516-a5,fannkuch-go-00006-tds,fannkuch-go,cloud_run_revision,INFO,deeacf83cc6158bb,2024-11-24T19:58:10.066535Z,projects/charismatic-tea-434516-a5/traces/2acb91c193a40c2a03cd40be1f558c99,true
41.932156642s,HTTP/1.1,,172.177.131.92,GET,260,https://fannkuch-go-815005680514.europe-north1.run.app/,127,216.239.36.53,200,curl/7.81.0,6743847b000e1f1fa09de8c1,004940b3b82ee3a4dd631a6afb52e76af8c50a14b27f059c942bbadd7dcad4adfce662c9c2ef48b17c97adf701e01c26fb90454d43bcfcc67a19dc63d733fa29ac626900ad859c68f501d5b620,projects/charismatic-tea-434516-a5/logs/run.googleapis.com%2Frequests,,2024-11-24T19:54:35.929108164Z,fannkuch-go,europe-north1,charismatic-tea-434516-a5,fannkuch-go-00006-tds,fannkuch-go,cloud_run_revision,INFO,b7a85717798a5e1b,2024-11-24T19:53:53.981070Z,projects/charismatic-tea-434516-a5/traces/6dcd3f64dcea596cfee17078c0363f54,true
43.297448771s,HTTP/1.1,,172.177.131.92,GET,260,https://fannkuch-go-815005680514.europe-north1.run.app/,127,216.239.38.53,200,curl/7.81.0,6743837c00027fe2f651ca20,004940b3b82ee3a4dd631a6afb52e76af8c50a14b27f059c942bbadd7dcad4adfce662c9c2ef48b17c97adf701e01c26fb90454d43bcfcc67a19dc63d733fa29ac626900ad859c68f501d5b620,projects/charismatic-tea-434516-a5/logs/run.googleapis.com%2Frequests,,2024-11-24T19:50:20.166108414Z,fannkuch-go,europe-north1,charismatic-tea-434516-a5,fannkuch-go-00006-tds,fannkuch-go,cloud_run_revision,INFO,6e5003e8e43e3b55,2024-11-24T19:49:36.855821Z,projects/charismatic-tea-434516-a5/traces/65eecb32a38e0b3051c0b7fc103f96d6,true
41.381858756s,HTTP/1.1,,172.177.131.92,GET,260,https://fannkuch-go-815005680514.europe-north1.run.app/,127,216.239.32.53,200,curl/7.81.0,6743827b0007a3218dd3ebee,004940b3b82ee3a4dd631a6afb52e76af8c50a14b27f059c942bbadd7dcad4adfce662c9c2ef48b17c97adf701e01c26fb90454d43bcfcc67a19dc63d733fa29ac626900ad859c68f501d5b620,projects/charismatic-tea-434516-a5/logs/run.googleapis.com%2Frequests,,2024-11-24T19:46:03.505973038Z,fannkuch-go,europe-north1,charismatic-tea-434516-a5,fannkuch-go-00006-tds,fannkuch-go,cloud_run_revision,INFO,b08de72bd02283f8,2024-11-24T19:45:22.105455Z,projects/charismatic-tea-434516-a5/traces/93e146f2c41a0b41015808531b821467,true
40.885627240s,HTTP/1.1,,172.177.131.92,GET,261,https://fannkuch-go-815005680514.europe-north1.run.app/,127,216.239.38.53,200,curl/7.81.0,6743817c00070176bc520a69,004940b3b82ee3a4dd631a6afb52e76af8c50a14b27f059c942bbadd7dcad4adfce662c9c2ef48b17c97adf701e01c26fb90454d43bcfcc67a19dc63d733fa29ac626900ad859c68f501d5b620,projects/charismatic-tea-434516-a5/logs/run.googleapis.com%2Frequests,,2024-11-24T19:41:48.462149380Z,fannkuch-go,europe-north1,charismatic-tea-434516-a5,fannkuch-go-00006-tds,fannkuch-go,cloud_run_revision,INFO,2b1d12d69607ecf8,2024-11-24T19:41:07.564766Z,projects/charismatic-tea-434516-a5/traces/6e86c0a9cb206583cf123115b43aa45a,true
40.547573722s,HTTP/1.1,,172.177.131.92,GET,260,https://fannkuch-go-815005680514.europe-north1.run.app/,127,216.239.34.53,200,curl/7.81.0,6743807d0000bbc64109312a,004940b3b82ee3a4dd631a6afb52e76af8c50a14b27f059c942bbadd7dcad4adfce662c9c2ef48b17c97adf701e01c26fb90454d43bcfcc67a19dc63d733fa29ac626900ad859c68f501d5b620,projects/charismatic-tea-434516-a5/logs/run.googleapis.com%2Frequests,,2024-11-24T19:37:33.051734089Z,fannkuch-go,europe-north1,charismatic-tea-434516-a5,fannkuch-go-00006-tds,fannkuch-go,cloud_run_revision,INFO,03ab422544875089,2024-11-24T19:36:52.491059Z,projects/charismatic-tea-434516-a5/traces/25569f3553aa7220a2bd70368e1ff744,true
40.198563229s,HTTP/1.1,,172.177.131.92,GET,260,https://fannkuch-go-815005680514.europe-north1.run.app/,127,216.239.36.53,200,curl/7.81.0,67437f7e000a988cdf71cbfe,004940b3b82ee3a4dd631a6afb52e76af8c50a14b27f059c942bbadd7dcad4adfce662c9c2ef48b17c97adf701e01c26fb90454d43bcfcc67a19dc63d733fa29ac626900ad859c68f501d5b620,projects/charismatic-tea-434516-a5/logs/run.googleapis.com%2Frequests,,2024-11-24T19:33:18.699216876Z,fannkuch-go,europe-north1,charismatic-tea-434516-a5,fannkuch-go-00006-tds,fannkuch-go,cloud_run_revision,INFO,49c0dce17a8824da,2024-11-24T19:32:38.485136Z,projects/charismatic-tea-434516-a5/traces/e321e40d249786567de25e8ae59bf20b,true
41.795259309s,HTTP/1.1,,172.177.131.92,GET,261,https://fannkuch-go-815005680514.europe-north1.run.app/,127,216.239.32.53,200,curl/7.81.0,67437e800002869ced08148f,004940b3b82ee3a4dd631a6afb52e76af8c50a14b27f059c942bbadd7dcad4adfce662c9c2ef48b17c97adf701e01c26fb90454d43bcfcc67a19dc63d733fa29ac626900ad859c68f501d5b620,projects/charismatic-tea-434516-a5/logs/run.googleapis.com%2Frequests,,2024-11-24T19:29:04.168725116Z,fannkuch-go,europe-north1,charismatic-tea-434516-a5,fannkuch-go-00006-tds,fannkuch-go,cloud_run_revision,INFO,e38491f13874b2f2,2024-11-24T19:28:22.361634Z,projects/charismatic-tea-434516-a5/traces/ed122f1168e8f9af71fc578a6d006694,true
40.811821522s,HTTP/1.1,,172.177.131.92,GET,260,https://fannkuch-go-815005680514.europe-north1.run.app/,127,216.239.32.53,200,curl/7.81.0,67437d8000048fa64eb85e30,004940b3b82ee3a4dd631a6afb52e76af8c50a14b27f059c942bbadd7dcad4adfce662c9c2ef48b17c97adf701e01c26fb90454d43bcfcc67a19dc63d733fa29ac626900ad859c68f501d5b620,projects/charismatic-tea-434516-a5/logs/run.googleapis.com%2Frequests,,2024-11-24T19:24:48.304060471Z,fannkuch-go,europe-north1,charismatic-tea-434516-a5,fannkuch-go-00006-tds,fannkuch-go,cloud_run_revision,INFO,547626c4bd00a3bf,2024-11-24T19:24:07.477515Z,projects/charismatic-tea-434516-a5/traces/8b160ee483d1925797c100e4d1586ee0,true
39.195832765s,HTTP/1.1,,20.109.87.20,GET,261,https://fannkuch-go-815005680514.europe-north1.run.app/,127,216.239.32.53,200,curl/7.81.0,67437c790007e40f5f9e1c2f,004940b3b82ee3a4dd631a6afb52e76af8c50a14b27f059c942bbadd7dcad4adfce662c9c2ef48b17c97adf701e01c26fb90454d43bcfcc67a19dc63d733fa29ac626900ad859c68f501d5b620,projects/charismatic-tea-434516-a5/logs/run.googleapis.com%2Frequests,,2024-11-24T19:20:25.520904983Z,fannkuch-go,europe-north1,charismatic-tea-434516-a5,fannkuch-go-00006-tds,fannkuch-go,cloud_run_revision,INFO,e190a8034b5d500b,2024-11-24T19:19:46.311535Z,projects/charismatic-tea-434516-a5/traces/1210b25c9c08ae794b65d6c05b79caf2,true
40.121837416s,HTTP/1.1,,20.109.87.20,GET,260,https://fannkuch-go-815005680514.europe-north1.run.app/,127,216.239.38.53,200,curl/7.81.0,67437b7b0001dc4f2622f31b,004940b3b82ee3a4dd631a6afb52e76af8c50a14b27f059c942bbadd7dcad4adfce662c9c2ef48b17c97adf701e01c26fb90454d43bcfcc67a19dc63d733fa29ac626900ad859c68f501d5b620,projects/charismatic-tea-434516-a5/logs/run.googleapis.com%2Frequests,,2024-11-24T19:16:11.126554472Z,fannkuch-go,europe-north1,charismatic-tea-434516-a5,fannkuch-go-00006-tds,fannkuch-go,cloud_run_revision,INFO,acec4ecf9acab020,2024-11-24T19:15:30.990570Z,projects/charismatic-tea-434516-a5/traces/ab79676a4c665dd3c31e206ba3867087,true
41.678798967s,HTTP/1.1,,20.109.87.20,GET,260,https://fannkuch-go-815005680514.europe-north1.run.app/,126,216.239.36.53,200,curl/7.81.0,67437a7c0000f020371ee1e7,004940b3b82ee3a4dd631a6afb52e76af8c50a14b27f059c942bbadd7dcad4adfce662c9c2ef48b17c97adf701e01c26fb90454d43bcfcc67a19dc63d733fa29ac626900ad859c68f501d5b620,projects/charismatic-tea-434516-a5/logs/run.googleapis.com%2Frequests,,2024-11-24T19:11:56.064510560Z,fannkuch-go,europe-north1,charismatic-tea-434516-a5,fannkuch-go-00006-tds,fannkuch-go,cloud_run_revision,INFO,5ecfeb71ae1e230b,2024-11-24T19:11:14.372539Z,projects/charismatic-tea-434516-a5/traces/17822e6033639b64d0f858a43170717b,true
41.697889603s,HTTP/1.1,,20.109.87.20,GET,261,https://fannkuch-go-815005680514.europe-north1.run.app/,126,216.239.34.53,200,curl/7.81.0,6743797c000b860484cdd219,004940b3b82ee3a4dd631a6afb52e76af8c50a14b27f059c942bbadd7dcad4adfce662c9c2ef48b17c97adf701e01c26fb90454d43bcfcc67a19dc63d733fa29ac626900ad859c68f501d5b620,projects/charismatic-tea-434516-a5/logs/run.googleapis.com%2Frequests,,2024-11-24T19:07:40.759573987Z,fannkuch-go,europe-north1,charismatic-tea-434516-a5,fannkuch-go-00006-tds,fannkuch-go,cloud_run_revision,INFO,f388e19bf79063e0,2024-11-24T19:06:59.046936Z,projects/charismatic-tea-434516-a5/traces/34a7106191fa5c0000a60716fcd5a641,true
40.910470880s,HTTP/1.1,,20.109.87.20,GET,260,https://fannkuch-go-815005680514.europe-north1.run.app/,126,216.239.36.53,200,curl/7.81.0,6743787c000dbc4c3bb74e16,004940b3b82ee3a4dd631a6afb52e76af8c50a14b27f059c942bbadd7dcad4adfce662c9c2ef48b17c97adf701e01c26fb90454d43bcfcc67a19dc63d733fa29ac626900ad859c68f501d5b620,projects/charismatic-tea-434516-a5/logs/run.googleapis.com%2Frequests,,2024-11-24T19:03:24.904633761Z,fannkuch-go,europe-north1,charismatic-tea-434516-a5,fannkuch-go-00006-tds,fannkuch-go,cloud_run_revision,INFO,9802f45beb9f9763,2024-11-24T19:02:43.980492Z,projects/charismatic-tea-434516-a5/traces/b523809e30dcd026e006481534b551c8,true
41.384961650s,HTTP/1.1,,20.109.87.20,GET,261,https://fannkuch-go-815005680514.europe-north1.run.app/,126,216.239.38.53,200,curl/7.81.0,6743777d000a40ac0303e285,004940b3b82ee3a4dd631a6afb52e76af8c50a14b27f059c942bbadd7dcad4adfce662c9c2ef48b17c97adf701e01c26fb90454d43bcfcc67a19dc63d733fa29ac626900ad859c68f501d5b620,projects/charismatic-tea-434516-a5/logs/run.googleapis.com%2Frequests,,2024-11-24T18:59:09.675645798Z,fannkuch-go,europe-north1,charismatic-tea-434516-a5,fannkuch-go-00006-tds,fannkuch-go,cloud_run_revision,INFO,13335c7e2e30906f,2024-11-24T18:58:28.277275Z,projects/charismatic-tea-434516-a5/traces/8df9cc55aeb49f8ffc74519360f33e3f,true
43.642065351s,HTTP/1.1,,20.109.87.20,GET,260,https://fannkuch-go-815005680514.europe-north1.run.app/,126,216.239.34.53,200,curl/7.81.0,6743767e0008e327046e4eaa,004940b3b82ee3a4dd631a6afb52e76af8c50a14b27f059c942bbadd7dcad4adfce662c9c2ef48b17c97adf701e01c26fb90454d43bcfcc67a19dc63d733fa29ac626900ad859c68f501d5b620,projects/charismatic-tea-434516-a5/logs/run.googleapis.com%2Frequests,,2024-11-24T18:54:54.588840086Z,fannkuch-go,europe-north1,charismatic-tea-434516-a5,fannkuch-go-00006-tds,fannkuch-go,cloud_run_revision,INFO,768233590f589686,2024-11-24T18:54:10.928657Z,projects/charismatic-tea-434516-a5/traces/097c546c7fc121d408c5a4d135375866,true
41.477648830s,HTTP/1.1,,20.109.87.20,GET,260,https://fannkuch-go-815005680514.europe-north1.run.app/,126,216.239.38.53,200,curl/7.81.0,6743757d00032f4aab16b023,004940b3b82ee3a4dd631a6afb52e76af8c50a14b27f059c942bbadd7dcad4adfce662c9c2ef48b17c97adf701e01c26fb90454d43bcfcc67a19dc63d733fa29ac626900ad859c68f501d5b620,projects/charismatic-tea-434516-a5/logs/run.googleapis.com%2Frequests,,2024-11-24T18:50:37.210465810Z,fannkuch-go,europe-north1,charismatic-tea-434516-a5,fannkuch-go-00006-tds,fannkuch-go,cloud_run_revision,INFO,f6644ca98cccb340,2024-11-24T18:49:55.721157Z,projects/charismatic-tea-434516-a5/traces/9b6f6f119cca6c928dbf46fbc7649218,true
40.991907472s,HTTP/1.1,,20.109.87.20,GET,260,https://fannkuch-go-815005680514.europe-north1.run.app/,126,216.239.34.53,200,curl/7.81.0,6743747d000ea77574ac9d49,004940b3b82ee3a4dd631a6afb52e76af8c50a14b27f059c942bbadd7dcad4adfce662c9c2ef48b17c97adf701e01c26fb90454d43bcfcc67a19dc63d733fa29ac626900ad859c68f501d5b620,projects/charismatic-tea-434516-a5/logs/run.googleapis.com%2Frequests,,2024-11-24T18:46:21.965913218Z,fannkuch-go,europe-north1,charismatic-tea-434516-a5,fannkuch-go-00006-tds,fannkuch-go,cloud_run_revision,INFO,58d40009d0098ad1,2024-11-24T18:45:40.959247Z,projects/charismatic-tea-434516-a5/traces/a2d1319062c430e73a4409b2c870ef95,true
39.779345916s,HTTP/1.1,,20.109.87.20,GET,261,https://fannkuch-go-815005680514.europe-north1.run.app/,126,216.239.38.53,200,curl/7.81.0,6743737e0007dd777bca24f6,004940b3b82ee3a4dd631a6afb52e76af8c50a14b27f059c942bbadd7dcad4adfce662c9c2ef48b17c97adf701e01c26fb90454d43bcfcc67a19dc63d733fa29ac626900ad859c68f501d5b620,projects/charismatic-tea-434516-a5/logs/run.googleapis.com%2Frequests,,2024-11-24T18:42:06.518019698Z,fannkuch-go,europe-north1,charismatic-tea-434516-a5,fannkuch-go-00006-tds,fannkuch-go,cloud_run_revision,INFO,88b6c14e2ebd0fc9,2024-11-24T18:41:26.726911Z,projects/charismatic-tea-434516-a5/traces/e51f36f627eb7eb359942da96cbf086d,true
40.585632182s,HTTP/1.1,,168.61.75.130,GET,261,https://fannkuch-go-815005680514.europe-north1.run.app/,126,216.239.38.53,200,curl/7.81.0,67436c120000406ce2f2fb9a,004940b3b82ee3a4dd631a6afb52e76af8c50a14b27f059c942bbadd7dcad4adfce662c9c2ef48b17c97adf701e01c26fb90454d43bcfcc67a19dc63d733fa29ac626900ad859c68f501d5b620,projects/charismatic-tea-434516-a5/logs/run.googleapis.com%2Frequests,,2024-11-24T18:10:26.022463722Z,fannkuch-go,europe-north1,charismatic-tea-434516-a5,fannkuch-go-00006-tds,fannkuch-go,cloud_run_revision,INFO,fc2b2c51865ebda9,2024-11-24T18:09:45.421792Z,projects/charismatic-tea-434516-a5/traces/1d7da8b5622797a7aa8799de4f172308,true
40.478506404s,HTTP/1.1,,168.61.75.130,GET,261,https://fannkuch-go-815005680514.europe-north1.run.app/,126,216.239.32.53,200,curl/7.81.0,67436b12000c5acdeb6cfdd7,004940b3b82ee3a4dd631a6afb52e76af8c50a14b27f059c942bbadd7dcad4adfce662c9c2ef48b17c97adf701e01c26fb90454d43bcfcc67a19dc63d733fa29ac626900ad859c68f501d5b620,projects/charismatic-tea-434516-a5/logs/run.googleapis.com%2Frequests,,2024-11-24T18:06:10.812581949Z,fannkuch-go,europe-north1,charismatic-tea-434516-a5,fannkuch-go-00006-tds,fannkuch-go,cloud_run_revision,INFO,cc3a734a148b4c4d,2024-11-24T18:05:30.322029Z,projects/charismatic-tea-434516-a5/traces/213127a09b1135dfc2056c55d2e8a1dc,true
41.001741170s,HTTP/1.1,,168.61.75.130,GET,260,https://fannkuch-go-815005680514.europe-north1.run.app/,126,216.239.34.53,200,curl/7.81.0,67436a13000c9944c5f8200c,004940b3b82ee3a4dd631a6afb52e76af8c50a14b27f059c942bbadd7dcad4adfce662c9c2ef48b17c97adf701e01c26fb90454d43bcfcc67a19dc63d733fa29ac626900ad859c68f501d5b620,projects/charismatic-tea-434516-a5/logs/run.googleapis.com%2Frequests,,2024-11-24T18:01:55.828995648Z,fannkuch-go,europe-north1,charismatic-tea-434516-a5,fannkuch-go-00006-tds,fannkuch-go,cloud_run_revision,INFO,f27793f0fab8de3c,2024-11-24T18:01:14.814274Z,projects/charismatic-tea-434516-a5/traces/b9d67233d8bd372df15ba2228aded276,true
42.254391296s,HTTP/1.1,,168.61.75.130,GET,261,https://fannkuch-go-815005680514.europe-north1.run.app/,126,216.239.34.53,200,curl/7.81.0,6743691300048d1b8b143bf0,004940b3b82ee3a4dd631a6afb52e76af8c50a14b27f059c942bbadd7dcad4adfce662c9c2ef48b17c97adf701e01c26fb90454d43bcfcc67a19dc63d733fa29ac626900ad859c68f501d5b620,projects/charismatic-tea-434516-a5/logs/run.googleapis.com%2Frequests,,2024-11-24T17:57:39.303213248Z,fannkuch-go,europe-north1,charismatic-tea-434516-a5,fannkuch-go-00006-tds,fannkuch-go,cloud_run_revision,INFO,97c07b9ea71fd06a,2024-11-24T17:56:57.033389Z,projects/charismatic-tea-434516-a5/traces/70b5a537386a8fe19eb4a0ec3ec7d482,true
40.217397265s,HTTP/1.1,,168.61.75.130,GET,260,https://fannkuch-go-815005680514.europe-north1.run.app/,126,216.239.32.53,200,curl/7.81.0,6743681200067fb323be93b5,004940b3b82ee3a4dd631a6afb52e76af8c50a14b27f059c942bbadd7dcad4adfce662c9c2ef48b17c97adf701e01c26fb90454d43bcfcc67a19dc63d733fa29ac626900ad859c68f501d5b620,projects/charismatic-tea-434516-a5/logs/run.googleapis.com%2Frequests,,2024-11-24T17:53:22.429602173Z,fannkuch-go,europe-north1,charismatic-tea-434516-a5,fannkuch-go-00006-tds,fannkuch-go,cloud_run_revision,INFO,9d29e1caf751362c,2024-11-24T17:52:42.196891Z,projects/charismatic-tea-434516-a5/traces/e714ae1c2f74671d852ef20138c13de1,true
43.994549362s,HTTP/1.1,,168.61.75.130,GET,261,https://fannkuch-go-815005680514.europe-north1.run.app/,126,216.239.32.53,200,curl/7.81.0,6743671300027707a2a1a8d7,004940b3b82ee3a4dd631a6afb52e76af8c50a14b27f059c942bbadd7dcad4adfce662c9c2ef48b17c97adf701e01c26fb90454d43bcfcc67a19dc63d733fa29ac626900ad859c68f501d5b620,projects/charismatic-tea-434516-a5/logs/run.googleapis.com%2Frequests,,2024-11-24T17:49:07.166333608Z,fannkuch-go,europe-north1,charismatic-tea-434516-a5,fannkuch-go-00006-tds,fannkuch-go,cloud_run_revision,INFO,f7cd51c329344ef8,2024-11-24T17:48:23.157660Z,projects/charismatic-tea-434516-a5/traces/2736326edee66733ed89ae494c5e99da,true
40.076707937s,HTTP/1.1,,168.61.75.130,GET,261,https://fannkuch-go-815005680514.europe-north1.run.app/,126,216.239.34.53,200,curl/7.81.0,67436610000ba5521927bc46,004940b3b82ee3a4dd631a6afb52e76af8c50a14b27f059c942bbadd7dcad4adfce662c9c2ef48b17c97adf701e01c26fb90454d43bcfcc67a19dc63d733fa29ac626900ad859c68f501d5b620,projects/charismatic-tea-434516-a5/logs/run.googleapis.com%2Frequests,,2024-11-24T17:44:48.767287033Z,fannkuch-go,europe-north1,charismatic-tea-434516-a5,fannkuch-go-00006-tds,fannkuch-go,cloud_run_revision,INFO,15745a3cb75183c5,2024-11-24T17:44:08.675082Z,projects/charismatic-tea-434516-a5/traces/23b8d25820afa39b9d107993ce181320,true
40.958669687s,HTTP/1.1,,168.61.75.130,GET,261,https://fannkuch-go-815005680514.europe-north1.run.app/,126,216.239.36.53,200,curl/7.81.0,67436512000186deffbe8233,004940b3b82ee3a4dd631a6afb52e76af8c50a14b27f059c942bbadd7dcad4adfce662c9c2ef48b17c97adf701e01c26fb90454d43bcfcc67a19dc63d733fa29ac626900ad859c68f501d5b620,projects/charismatic-tea-434516-a5/logs/run.googleapis.com%2Frequests,,2024-11-24T17:40:34.105039071Z,fannkuch-go,europe-north1,charismatic-tea-434516-a5,fannkuch-go-00006-tds,fannkuch-go,cloud_run_revision,INFO,0974f1252d20d7b2,2024-11-24T17:39:53.130867Z,projects/charismatic-tea-434516-a5/traces/20418d0ce4b26253b32862821e430109,true
42.005624862s,HTTP/1.1,,168.61.75.130,GET,260,https://fannkuch-go-815005680514.europe-north1.run.app/,126,216.239.32.53,200,curl/7.81.0,67436411000bca56f0dad45a,004940b3b82ee3a4dd631a6afb52e76af8c50a14b27f059c942bbadd7dcad4adfce662c9c2ef48b17c97adf701e01c26fb90454d43bcfcc67a19dc63d733fa29ac626900ad859c68f501d5b620,projects/charismatic-tea-434516-a5/logs/run.googleapis.com%2Frequests,,2024-11-24T17:36:17.775559997Z,fannkuch-go,europe-north1,charismatic-tea-434516-a5,fannkuch-go-00006-tds,fannkuch-go,cloud_run_revision,INFO,16cf2e1b3e9df142,2024-11-24T17:35:35.756479Z,projects/charismatic-tea-434516-a5/traces/63b48e5749a498660b297b85ac33ef2e,true
39.319967455s,HTTP/1.1,,168.61.75.130,GET,260,https://fannkuch-go-815005680514.europe-north1.run.app/,126,216.239.36.53,200,curl/7.81.0,6743630f0004aa3fbfcff28f,004940b3b82ee3a4dd631a6afb52e76af8c50a14b27f059c942bbadd7dcad4adfce662c9c2ef48b17c97adf701e01c26fb90454d43bcfcc67a19dc63d733fa29ac626900ad859c68f501d5b620,projects/charismatic-tea-434516-a5/logs/run.googleapis.com%2Frequests,,2024-11-24T17:31:59.310961846Z,fannkuch-go,europe-north1,charismatic-tea-434516-a5,fannkuch-go-00006-tds,fannkuch-go,cloud_run_revision,INFO,0ab7f4ca69761f5e,2024-11-24T17:31:19.977239Z,projects/charismatic-tea-434516-a5/traces/545843a82f20842f16d7c3ef98656cbc,true
41.078297787s,HTTP/1.1,,4.236.151.134,GET,261,https://fannkuch-go-815005680514.europe-north1.run.app/,126,216.239.36.53,200,curl/7.81.0,67435aba000c389bcaee9d28,004940b3b82ee3a4dd631a6afb52e76af8c50a14b27f059c942bbadd7dcad4adfce662c9c2ef48b17c97adf701e01c26fb90454d43bcfcc67a19dc63d733fa29ac626900ad859c68f501d5b620,projects/charismatic-tea-434516-a5/logs/run.googleapis.com%2Frequests,,2024-11-24T16:56:26.803946357Z,fannkuch-go,europe-north1,charismatic-tea-434516-a5,fannkuch-go-00006-tds,fannkuch-go,cloud_run_revision,INFO,84844d1aa0f1fcb6,2024-11-24T16:55:45.697723Z,projects/charismatic-tea-434516-a5/traces/33dd92397982d6b03344fdae4d523e50,true
39.766853193s,HTTP/1.1,,4.236.151.134,GET,261,https://fannkuch-go-815005680514.europe-north1.run.app/,126,216.239.34.53,200,curl/7.81.0,674359bc000176a634d227de,004940b3b82ee3a4dd631a6afb52e76af8c50a14b27f059c942bbadd7dcad4adfce662c9c2ef48b17c97adf701e01c26fb90454d43bcfcc67a19dc63d733fa29ac626900ad859c68f501d5b620,projects/charismatic-tea-434516-a5/logs/run.googleapis.com%2Frequests,,2024-11-24T16:52:12.102087579Z,fannkuch-go,europe-north1,charismatic-tea-434516-a5,fannkuch-go-00006-tds,fannkuch-go,cloud_run_revision,INFO,8230ce295ec51877,2024-11-24T16:51:32.319241Z,projects/charismatic-tea-434516-a5/traces/95b3eb0ac5e2172d704e4e139f894d37,true
43.711471669s,HTTP/1.1,,4.236.151.134,GET,261,https://fannkuch-go-815005680514.europe-north1.run.app/,126,216.239.34.53,200,curl/7.81.0,674358be00025c7653697b2f,004940b3b82ee3a4dd631a6afb52e76af8c50a14b27f059c942bbadd7dcad4adfce662c9c2ef48b17c97adf701e01c26fb90454d43bcfcc67a19dc63d733fa29ac626900ad859c68f501d5b620,projects/charismatic-tea-434516-a5/logs/run.googleapis.com%2Frequests,,2024-11-24T16:47:58.160360936Z,fannkuch-go,europe-north1,charismatic-tea-434516-a5,fannkuch-go-00006-tds,fannkuch-go,cloud_run_revision,INFO,55af61c9e1aac12c,2024-11-24T16:47:14.434245Z,projects/charismatic-tea-434516-a5/traces/c6f6624fb9f2ce37e2f0f30b9650beec,true
40.804317988s,HTTP/1.1,,4.236.151.134,GET,260,https://fannkuch-go-815005680514.europe-north1.run.app/,126,216.239.38.53,200,curl/7.81.0,674357bc00099d601dc7f174,004940b3b82ee3a4dd631a6afb52e76af8c50a14b27f059c942bbadd7dcad4adfce662c9c2ef48b17c97adf701e01c26fb90454d43bcfcc67a19dc63d733fa29ac626900ad859c68f501d5b620,projects/charismatic-tea-434516-a5/logs/run.googleapis.com%2Frequests,,2024-11-24T16:43:40.634188304Z,fannkuch-go,europe-north1,charismatic-tea-434516-a5,fannkuch-go-00006-tds,fannkuch-go,cloud_run_revision,INFO,fd1307f61e615889,2024-11-24T16:42:59.816435Z,projects/charismatic-tea-434516-a5/traces/4082bb84de3fb0acd83517de69559332,true
40.589456336s,HTTP/1.1,,4.236.151.134,GET,261,https://fannkuch-go-815005680514.europe-north1.run.app/,126,216.239.34.53,200,curl/7.81.0,674356bd000925abdf06de66,004940b3b82ee3a4dd631a6afb52e76af8c50a14b27f059c942bbadd7dcad4adfce662c9c2ef48b17c97adf701e01c26fb90454d43bcfcc67a19dc63d733fa29ac626900ad859c68f501d5b620,projects/charismatic-tea-434516-a5/logs/run.googleapis.com%2Frequests,,2024-11-24T16:39:25.604286942Z,fannkuch-go,europe-north1,charismatic-tea-434516-a5,fannkuch-go-00006-tds,fannkuch-go,cloud_run_revision,INFO,7c05b02d80f13ad8,2024-11-24T16:38:45.001232Z,projects/charismatic-tea-434516-a5/traces/4bf89f9169f7ee4323f90814b55009e7,true
42.108467539s,HTTP/1.1,,4.236.151.134,GET,260,https://fannkuch-go-815005680514.europe-north1.run.app/,125,216.239.36.53,200,curl/7.81.0,674355be000a0f0a9d66c857,004940b3b82ee3a4dd631a6afb52e76af8c50a14b27f059c942bbadd7dcad4adfce662c9c2ef48b17c97adf701e01c26fb90454d43bcfcc67a19dc63d733fa29ac626900ad859c68f501d5b620,projects/charismatic-tea-434516-a5/logs/run.googleapis.com%2Frequests,,2024-11-24T16:35:10.666251573Z,fannkuch-go,europe-north1,charismatic-tea-434516-a5,fannkuch-go-00006-tds,fannkuch-go,cloud_run_revision,INFO,f2781fda32ac803e,2024-11-24T16:34:28.541057Z,projects/charismatic-tea-434516-a5/traces/9615be8fca0bfda5c353311043d6e8ed,true
40.072582750s,HTTP/1.1,,4.236.151.134,GET,260,https://fannkuch-go-815005680514.europe-north1.run.app/,125,216.239.38.53,200,curl/7.81.0,674354b70009313532a92df6,004940b3b82ee3a4dd631a6afb52e76af8c50a14b27f059c942bbadd7dcad4adfce662c9c2ef48b17c97adf701e01c26fb90454d43bcfcc67a19dc63d733fa29ac626900ad859c68f501d5b620,projects/charismatic-tea-434516-a5/logs/run.googleapis.com%2Frequests,,2024-11-24T16:30:47.605373532Z,fannkuch-go,europe-north1,charismatic-tea-434516-a5,fannkuch-go-00006-tds,fannkuch-go,cloud_run_revision,INFO,37b2743925e9a56d,2024-11-24T16:30:07.519936Z,projects/charismatic-tea-434516-a5/traces/82bd9a0205ed050c41570aac9e56a1cd,true